z_meas,qc_meas,z,qc,z_koppejan,qc_koppejan,z_filter,qc_filter
0.0144,0.03,0.71136,1.92,0.00792,1.92,-0.01,1.919996565
0.01296,0.03,0.70992,1.92,0.00648,1.92,-0.02,1.919993332
0.01152,0.03,0.70848,1.92,0.00504,1.92,-0.03,1.919987887
0.00864,0.03,0.70704,1.92,0.0036,1.92,-0.04,1.919979068
0.0072,0.03,0.7056,1.92,0.00216,1.92,-0.05,1.919964905
0.0072,0.03,0.70452,1.92,0.00072,1.92,-0.06,1.9199425
0.00432,0.04,0.70308,1.92,-0.00072,1.92,-0.07,1.919907665
0.00288,0.04,0.70164,1.92,-0.00216,1.92,-0.08,1.919853492
0.00144,0.04,0.7002,1.92,-0.0036,1.92,-0.09,1.919769982
0,0.05,0.69876,1.92,-0.00504,1.92,-0.1,1.919642975
-0.00144,0.06,0.69732,1.92,-0.00648,1.92,-0.11,1.919449093
-0.00288,0.07,0.69588,1.92,-0.00792,1.92,-0.12,1.919155461
-0.00432,0.09,0.69444,1.92,-0.009,1.92,-0.13,1.91871612
-0.00576,0.11,0.693,1.92,-0.01044,1.92,-0.14,1.918054964
-0.0072,0.13,0.69156,1.92,-0.01188,1.92,-0.15,1.917066918
-0.00864,0.16,0.69012,1.92,-0.01332,1.92,-0.16,1.915607138
-0.01008,0.19,0.68868,1.92,-0.01476,1.92,-0.17,1.913435823
-0.01152,0.22,0.68724,1.92,-0.0162,1.92,-0.18,1.910227673
-0.01296,0.26,0.6858,1.92,-0.01764,1.92,-0.19,1.905542548
-0.0144,0.3,0.68436,1.92,-0.01908,1.92,-0.2,1.898677008
-0.01548,0.35,0.68292,1.92,-0.02052,1.92,-0.21,1.888644481
-0.01692,0.4,0.68148,1.92,-0.02196,1.92,-0.22,1.874221747
-0.01836,0.45,0.68004,1.92,-0.0234,1.92,-0.23,1.853479109
-0.0198,0.5,0.6786,1.92,-0.02484,1.92,-0.24,1.823871426
-0.02124,0.55,0.67716,1.92,-0.02628,1.92,-0.25,1.782580202
-0.02268,0.59,0.67572,1.92,-0.02772,1.92,-0.26,1.725499448
-0.02412,0.63,0.67464,1.92,-0.02916,1.92,-0.27,1.64817802
-0.02556,0.67,0.6732,1.92,-0.0306,1.92,-0.28,1.547520283
-0.027,0.71,0.67176,1.92,-0.03204,1.92,-0.29,1.420223852
-0.02844,0.75,0.67032,1.92,-0.03348,1.92,-0.3,1.266221852
-0.02988,0.78,0.66888,1.92,-0.03492,1.92,-0.31,1.091617704
-0.03132,0.81,0.66744,1.92,-0.03636,1.92,-0.32,0.903693258
-0.03276,0.84,0.666,1.92,-0.0378,1.92,-0.33,0.714796682
-0.0342,0.86,0.66456,1.92,-0.03888,1.92,-0.34,0.536885102
-0.03564,0.89,0.66312,1.92,-0.04032,1.92,-0.35,0.472689117
-0.03708,0.92,0.66168,1.92,-0.04176,1.92,-0.36,0.407479308
-0.03852,0.94,0.66024,1.92,-0.0432,1.92,-0.37,0.394456312
-0.03996,0.96,0.6588,1.92,-0.04464,1.92,-0.38,0.419421728
-0.04284,0.99,0.65736,1.92,-0.04608,1.92,-0.39,0.491706434
-0.04428,1.01,0.65592,1.92,-0.04752,1.92,-0.4,0.769017662
-0.04536,1.03,0.65448,1.92,-0.04896,1.92,-0.41,0.918203047
-0.0468,1.05,0.65304,1.92,-0.0504,1.92,-0.42,0.939564709
-0.04824,1.07,0.6516,1.92,-0.05184,1.92,-0.43,0.858338551
-0.04968,1.09,0.65016,1.92,-0.05328,1.92,-0.44,0.71846767
-0.05112,1.11,0.64872,1.92,-0.05472,1.92,-0.45,0.558673729
-0.05256,1.13,0.64728,1.92,-0.05616,1.92,-0.46,0.486858608
-0.054,1.15,0.64584,1.92,-0.0576,1.92,-0.47,0.406357828
-0.05544,1.17,0.64476,1.92,-0.05904,1.92,-0.48,0.38221517
-0.05688,1.19,0.64332,1.92,-0.06048,1.92,-0.49,0.393607918
-0.05832,1.21,0.64188,1.92,-0.06192,1.92,-0.5,0.441530519
-0.05976,1.23,0.64044,1.92,-0.06336,1.92,-0.51,0.551069996
-0.0612,1.24,0.639,1.92,-0.0648,1.92,-0.52,0.855594271
-0.06264,1.26,0.63756,1.92,-0.06624,1.92,-0.53,0.946305952
-0.06408,1.28,0.63612,1.92,-0.06768,1.92,-0.54,0.916200001
-0.06552,1.29,0.63468,1.92,-0.06876,1.92,-0.55,0.802918371
-0.06696,1.31,0.63324,1.92,-0.0702,1.92,-0.56,0.649851936
-0.0684,1.32,0.6318,1.92,-0.07164,1.92,-0.57,0.579602505
-0.06984,1.34,0.63036,1.92,-0.07308,1.92,-0.58,0.445926229
-0.07272,1.36,0.62892,1.92,-0.07452,1.92,-0.59,0.398769335
-0.07416,1.37,0.62748,1.92,-0.07596,1.92,-0.6,0.396570868
-0.07524,1.39,0.62604,1.92,-0.0774,1.92,-0.61,0.432184165
-0.07668,1.4,0.6246,1.92,-0.07884,1.92,-0.62,0.522150954
-0.07812,1.41,0.62316,1.92,-0.08028,1.92,-0.63,0.826203447
-0.07956,1.43,0.62172,1.92,-0.08172,1.92,-0.64,0.954356966
-0.081,1.44,0.62028,1.92,-0.08316,1.92,-0.65,0.956563508
-0.08244,1.45,0.61884,1.92,-0.0846,1.92,-0.66,0.862997599
-0.08388,1.46,0.6174,1.92,-0.08604,1.92,-0.67,0.717023433
-0.08532,1.47,0.61596,1.92,-0.08748,1.92,-0.68,0.555015093
-0.08676,1.48,0.61488,1.92,-0.08892,1.92,-0.69,0.486563135
-0.0882,1.5,0.61344,1.92,-0.09036,1.92,-0.7,0.414850891
-0.08964,1.51,0.612,1.92,-0.0918,1.92,-0.71,0.399243201
-0.09108,1.52,0.61056,1.92,-0.09324,1.92,-0.72,0.423568007
-0.09252,1.53,0.60912,1.92,-0.09468,1.92,-0.73,0.4971336
-0.09396,1.54,0.60768,1.92,-0.09612,1.92,-0.74,0.673114834
-0.0954,1.55,0.60624,1.92,-0.09756,1.92,-0.75,1.164356371
-0.09684,1.56,0.6048,1.92,-0.09864,1.92,-0.76,1.43588612
-0.09828,1.57,0.60336,1.92,-0.10008,1.92,-0.77,1.628393311
-0.09972,1.58,0.60192,1.92,-0.10152,1.92,-0.78,1.752296183
-0.10116,1.58,0.60048,1.92,-0.10296,1.92,-0.79,1.826989796
-0.1026,1.6,0.59904,1.92,-0.1044,1.92,-0.8,1.870158554
-0.10404,1.6,0.5976,1.92,-0.10584,1.92,-0.81,1.894447704
-0.10656,1.61,0.59616,1.92,-0.10728,1.92,-0.82,1.907878823
-0.108,1.62,0.59472,1.92,-0.10872,1.92,-0.83,1.915219537
-0.10944,1.63,0.59328,1.92,-0.11016,1.92,-0.84,1.919199497
-0.11088,1.64,0.59184,1.92,-0.1116,1.92,-0.85,1.921346539
-0.11232,1.64,0.5904,1.92,-0.11304,1.92,-0.86,1.922503252
-0.11376,1.65,0.58896,1.92,-0.11448,1.92,-0.87,1.923129406
-0.1152,1.66,0.58752,1.92,-0.11592,1.92,-0.88,1.923473636
-0.11664,1.66,0.58608,1.92,-0.11736,1.92,-0.89,1.923669337
-0.11808,1.67,0.585,1.92,-0.1188,1.92,-0.9,1.92378753
-0.11952,1.68,0.58356,1.92,-0.12024,1.92,-0.91,1.923865717
-0.12096,1.69,0.58212,1.92,-0.12168,1.92,-0.92,1.923923515
-0.1224,1.69,0.58068,1.92,-0.12312,1.92,-0.93,1.92397104
-0.12384,1.7,0.57924,1.92,-0.12456,1.92,-0.94,1.924013514
-0.12528,1.71,0.5778,1.92,-0.126,1.92,-0.95,1.924053582
-0.12672,1.71,0.57636,1.92,-0.12744,1.92,-0.96,1.924092546
-0.12816,1.72,0.57492,1.92,-0.12852,1.92,-0.97,1.924131032
-0.1296,1.73,0.57348,1.92,-0.12996,1.92,-0.98,1.924169342
-0.13104,1.74,0.57204,1.92,-0.1314,1.92,-0.99,1.924207639
-0.13248,1.74,0.5706,1.92,-0.13284,1.92,-1,1.924245935
-0.13392,1.75,0.56916,1.92,-0.13428,1.92,-1.01,1.92428423
-0.135,1.76,0.56772,1.92,-0.13572,1.92,-1.02,1.924322525
-0.13644,1.76,0.56628,1.92,-0.13716,1.92,-1.03,1.92436082
-0.13932,1.77,0.56484,1.92,-0.1386,1.92,-1.04,1.924399114
-0.14076,1.78,0.5634,1.92,-0.14004,1.92,-1.05,1.924437408
-0.1422,1.78,0.56196,1.92,-0.14148,1.92,-1.06,1.924475701
-0.14364,1.79,0.56052,1.92,-0.14292,1.92,-1.07,1.924513994
-0.14508,1.8,0.55908,1.92,-0.14436,1.92,-1.08,1.924552286
-0.14652,1.8,0.55764,1.92,-0.1458,1.92,-1.09,1.924590583
-0.14796,1.81,0.5562,1.92,-0.14724,1.92,-1.1,1.924628879
-0.1494,1.81,0.55512,1.92,-0.14868,1.92,-1.11,1.924667175
-0.15084,1.82,0.55368,1.92,-0.15012,1.92,-1.12,1.92470547
-0.15228,1.83,0.55224,1.92,-0.15156,1.92,-1.13,1.924743765
-0.15372,1.83,0.5508,1.92,-0.153,1.92,-1.14,1.924782059
-0.15516,1.84,0.54936,1.92,-0.15444,1.92,-1.15,1.924820353
-0.1566,1.84,0.54792,1.92,-0.15588,1.92,-1.16,1.924858647
-0.15804,1.84,0.54648,1.92,-0.15732,1.92,-1.17,1.92489694
-0.15948,1.85,0.54504,1.92,-0.1584,1.92,-1.18,1.924935233
-0.16092,1.85,0.5436,1.92,-0.15984,1.92,-1.19,1.924973525
-0.16236,1.86,0.54216,1.92,-0.16128,1.92,-1.2,1.925011817
-0.1638,1.86,0.54072,1.92,-0.16272,1.92,-1.21,1.925050108
-0.16488,1.87,0.53928,1.92,-0.16416,1.92,-1.22,1.925088399
-0.16776,1.87,0.53784,1.92,-0.1656,1.92,-1.23,1.92512669
-0.1692,1.87,0.5364,1.92,-0.16704,1.92,-1.24,1.92516498
-0.17064,1.87,0.53496,1.92,-0.16848,1.92,-1.25,1.925203269
-0.17208,1.87,0.53352,1.92,-0.16992,1.92,-1.26,1.925241559
-0.17352,1.88,0.53208,1.92,-0.17136,1.92,-1.27,1.925279847
-0.17496,1.88,0.53064,1.92,-0.1728,1.92,-1.28,1.925318136
-0.1764,1.88,0.5292,1.92,-0.17424,1.87,-1.29,1.925356424
-0.17784,1.88,0.52776,1.92,-0.17568,1.83,-1.3,1.925394711
-0.17928,1.88,0.52632,1.92,-0.17712,1.78,-1.31,1.925432998
-0.18072,1.88,0.52488,1.92,-0.17856,1.73,-1.32,1.925471285
-0.18216,1.88,0.5238,1.92,-0.18,1.69,-1.33,1.925509571
-0.1836,1.88,0.52236,1.92,-0.18144,1.64,-1.34,1.925547856
-0.18504,1.88,0.52092,1.92,-0.18288,1.59,-1.35,1.925586142
-0.18648,1.88,0.51948,1.92,-0.18432,1.54,-1.36,1.925624426
-0.18792,1.88,0.51804,1.92,-0.18576,1.5,-1.37,1.925662711
-0.18936,1.88,0.5166,1.92,-0.1872,1.45,-1.38,1.925700995
-0.1908,1.88,0.51516,1.92,-0.18864,1.4,-1.39,1.925739278
-0.19224,1.88,0.51372,1.92,-0.18972,1.35,-1.4,1.925777561
-0.19368,1.88,0.51228,1.92,-0.19116,1.3,-1.41,1.925815843
-0.19512,1.87,0.51084,1.92,-0.1926,1.26,-1.42,1.925854125
-0.1962,1.87,0.5094,1.92,-0.19404,1.21,-1.43,1.925892407
-0.19764,1.87,0.50796,1.92,-0.19548,1.16,-1.44,1.925930688
-0.19908,1.87,0.50652,1.92,-0.19692,1.11,-1.45,1.925968974
-0.20052,1.86,0.50508,1.92,-0.19836,1.06,-1.46,1.926007259
-0.2034,1.86,0.50364,1.92,-0.1998,1.01,-1.47,1.926045543
-0.20484,1.86,0.5022,1.92,-0.20124,0.96,-1.48,1.926083827
-0.20628,1.85,0.50076,1.92,-0.20268,0.91,-1.49,1.926122111
-0.20772,1.85,0.49932,1.92,-0.20412,0.86,-1.5,1.926160394
-0.20916,1.84,0.49788,1.92,-0.20556,0.81,,
-0.2106,1.84,0.49644,1.92,-0.207,0.76,,
-0.21204,1.83,0.495,1.92,-0.20844,0.71,,
-0.21348,1.83,0.49392,1.92,-0.20988,0.66,,
-0.21492,1.82,0.49248,1.92,-0.21132,0.61,,
-0.21636,1.81,0.49104,1.92,-0.21276,0.61,,
-0.2178,1.8,0.4896,1.92,-0.2142,0.6,,
-0.21924,1.8,0.48816,1.92,-0.21564,0.6,,
-0.22068,1.79,0.48672,1.92,-0.21708,0.6,,
-0.22212,1.78,0.48528,1.92,-0.21852,0.59,,
-0.225,1.77,0.48384,1.92,-0.2196,0.59,,
-0.22608,1.77,0.4824,1.92,-0.22104,0.58,,
-0.22752,1.76,0.48096,1.92,-0.22248,0.58,,
-0.22896,1.75,0.47952,1.92,-0.22392,0.58,,
-0.2304,1.74,0.47808,1.92,-0.22536,0.57,,
-0.23184,1.73,0.47664,1.92,-0.2268,0.57,,
-0.23328,1.72,0.4752,1.92,-0.22824,0.56,,
-0.23472,1.71,0.47376,1.92,-0.22968,0.56,,
-0.23616,1.7,0.47232,1.92,-0.23112,0.56,,
-0.2376,1.69,0.47088,1.92,-0.23256,0.55,,
-0.23904,1.68,0.46944,1.92,-0.234,0.55,,
-0.24048,1.67,0.468,1.92,-0.23544,0.55,,
-0.24192,1.66,0.46656,1.92,-0.23688,0.54,,
-0.24336,1.65,0.46512,1.92,-0.23832,0.54,,
-0.2448,1.63,0.46404,1.92,-0.23976,0.53,,
-0.24768,1.62,0.4626,1.92,-0.2412,0.53,,
-0.24912,1.61,0.46116,1.92,-0.24264,0.53,,
-0.25056,1.6,0.45972,1.92,-0.24408,0.53,,
-0.252,1.59,0.45828,1.92,-0.24552,0.52,,
-0.25344,1.58,0.45684,1.92,-0.24696,0.52,,
-0.25488,1.56,0.4554,1.92,-0.2484,0.52,,
-0.25596,1.55,0.45396,1.92,-0.24948,0.51,,
-0.2574,1.54,0.45252,1.92,-0.25092,0.51,,
-0.25884,1.53,0.45108,1.92,-0.25236,0.51,,
-0.26028,1.51,0.44964,1.92,-0.2538,0.51,,
-0.26172,1.5,0.4482,1.92,-0.25524,0.5,,
-0.26316,1.49,0.44676,1.92,-0.25668,0.5,,
-0.2646,1.47,0.44532,1.92,-0.25812,0.5,,
-0.26604,1.46,0.44388,1.92,-0.25956,0.5,,
-0.26748,1.45,0.44244,1.92,-0.261,0.49,,
-0.26892,1.43,0.441,1.92,-0.26244,0.49,,
-0.27036,1.42,0.43956,1.92,-0.26388,0.49,,
-0.2718,1.4,0.43812,1.92,-0.26532,0.49,,
-0.27324,1.39,0.43668,1.92,-0.26676,0.49,,
-0.27468,1.37,0.43524,1.92,-0.2682,0.48,,
-0.27756,1.36,0.43416,1.92,-0.26964,0.48,,
-0.279,1.34,0.43272,1.92,-0.27108,0.48,,
-0.28044,1.33,0.43128,1.92,-0.27252,0.48,,
-0.28188,1.31,0.42984,1.92,-0.27396,0.47,,
-0.28332,1.29,0.4284,1.92,-0.2754,0.47,,
-0.28476,1.27,0.42696,1.92,-0.27684,0.47,,
-0.28584,1.25,0.42552,1.92,-0.27828,0.47,,
-0.28728,1.23,0.42408,1.92,-0.27936,0.46,,
-0.28872,1.22,0.42264,1.92,-0.2808,0.46,,
-0.29016,1.2,0.4212,1.92,-0.28224,0.46,,
-0.2916,1.18,0.41976,1.92,-0.28368,0.45,,
-0.29304,1.16,0.41832,1.92,-0.28512,0.45,,
-0.29448,1.14,0.41688,1.92,-0.28656,0.45,,
-0.29592,1.12,0.41544,1.92,-0.288,0.45,,
-0.29736,1.1,0.414,1.92,-0.28944,0.44,,
-0.2988,1.08,0.41256,1.92,-0.29088,0.44,,
-0.30024,1.06,0.41112,1.92,-0.29232,0.44,,
-0.30168,1.04,0.40968,1.92,-0.29376,0.43,,
-0.30312,1.02,0.40824,1.92,-0.2952,0.43,,
-0.30456,1,0.4068,1.92,-0.29664,0.42,,
-0.30744,0.98,0.40536,1.92,-0.29808,0.42,,
-0.30888,0.95,0.40428,1.92,-0.29952,0.42,,
-0.31032,0.93,0.40284,1.92,-0.30096,0.41,,
-0.31176,0.91,0.4014,1.92,-0.3024,0.41,,
-0.3132,0.89,0.39996,1.92,-0.30384,0.4,,
-0.31464,0.86,0.39852,1.92,-0.30528,0.4,,
-0.31572,0.84,0.39708,1.92,-0.30672,0.39,,
-0.31716,0.82,0.39564,1.92,-0.30816,0.39,,
-0.3186,0.8,0.3942,1.92,-0.30924,0.38,,
-0.32004,0.79,0.39276,1.92,-0.31068,0.38,,
-0.32148,0.77,0.39132,1.92,-0.31212,0.37,,
-0.32292,0.75,0.38988,1.92,-0.31356,0.37,,
-0.32436,0.73,0.38844,1.92,-0.315,0.36,,
-0.3258,0.71,0.387,1.92,-0.31644,0.35,,
-0.32724,0.7,0.38556,1.92,-0.31788,0.35,,
-0.32868,0.68,0.38412,1.92,-0.31932,0.34,,
-0.33012,0.67,0.38268,1.92,-0.32076,0.34,,
-0.33156,0.65,0.38124,1.92,-0.3222,0.33,,
-0.333,0.64,0.3798,1.92,-0.32364,0.33,,
-0.33444,0.63,0.37836,1.92,-0.32508,0.32,,
-0.33588,0.62,0.37692,1.92,-0.32652,0.31,,
-0.33732,0.61,0.37548,1.92,-0.32796,0.31,,
-0.3402,0.6,0.3744,1.92,-0.3294,0.3,,
-0.34164,0.59,0.37296,1.92,-0.33084,0.3,,
-0.34308,0.58,0.37152,1.92,-0.33228,0.3,,
-0.34452,0.57,0.37008,1.92,-0.33372,0.29,,
-0.3456,0.56,0.36864,1.92,-0.33516,0.29,,
-0.34704,0.56,0.3672,1.92,-0.3366,0.28,,
-0.34848,0.55,0.36576,1.92,-0.33804,0.28,,
-0.34992,0.54,0.36432,1.92,-0.33912,0.28,,
-0.35136,0.53,0.36288,1.92,-0.34056,0.27,,
-0.3528,0.52,0.36144,1.92,-0.342,0.27,,
-0.35424,0.51,0.36,1.92,-0.34344,0.27,,
-0.35568,0.51,0.35856,1.92,-0.34488,0.27,,
-0.35712,0.5,0.35712,1.92,-0.34632,0.26,,
-0.35856,0.5,0.35568,1.92,-0.34776,0.26,,
-0.36,0.49,0.35424,1.92,-0.3492,0.27,,
-0.36144,0.49,0.3528,1.92,-0.35064,0.27,,
-0.36288,0.49,0.35136,1.92,-0.35208,0.28,,
-0.36432,0.49,0.34992,1.92,-0.35352,0.29,,
-0.36576,0.5,0.34848,1.92,-0.35496,0.3,,
-0.3672,0.5,0.34704,1.92,-0.3564,0.31,,
-0.36864,0.51,0.3456,1.92,-0.35784,0.32,,
-0.37008,0.52,0.34452,1.92,-0.35928,0.32,,
-0.37296,0.53,0.34308,1.92,-0.36072,0.33,,
-0.37296,0.54,0.34164,1.92,-0.36216,0.34,,
-0.37548,0.56,0.3402,1.92,-0.3636,0.35,,
-0.37692,0.57,0.33876,1.92,-0.36504,0.35,,
-0.37836,0.59,0.33732,1.92,-0.36648,0.36,,
-0.3798,0.61,0.33588,1.92,-0.36792,0.37,,
-0.38124,0.64,0.33444,1.92,-0.369,0.37,,
-0.38268,0.66,0.333,1.92,-0.37044,0.38,,
-0.38412,0.69,0.33156,1.92,-0.37188,0.39,,
-0.38556,0.72,0.33012,1.92,-0.37332,0.4,,
-0.387,0.75,0.32868,1.92,-0.37476,0.4,,
-0.38844,0.78,0.32724,1.92,-0.3762,0.41,,
-0.38988,0.8,0.3258,1.92,-0.37764,0.42,,
-0.39132,0.82,0.32436,1.92,-0.37908,0.43,,
-0.39276,0.84,0.32292,1.92,-0.38052,0.43,,
-0.3942,0.87,0.32148,1.92,-0.38196,0.44,,
-0.39564,0.89,0.32004,1.92,-0.3834,0.45,,
-0.39708,0.91,0.3186,1.92,-0.38484,0.45,,
-0.39852,0.92,0.31716,1.92,-0.38628,0.46,,
-0.39996,0.94,0.31572,1.92,-0.38772,0.46,,
-0.4014,0.95,0.31464,1.92,-0.38916,0.46,,
-0.40284,0.97,0.3132,1.92,-0.3906,0.46,,
-0.40428,0.98,0.31176,1.92,-0.39204,0.45,,
-0.40536,1,0.31032,1.92,-0.39348,0.45,,
-0.4068,1.01,0.30888,1.92,-0.39492,0.44,,
-0.40824,1.02,0.30744,1.92,-0.39636,0.44,,
-0.40968,1.03,0.306,1.92,-0.3978,0.44,,
-0.41112,1.04,0.30456,1.92,-0.39888,0.44,,
-0.41256,1.04,0.30312,1.92,-0.40032,0.44,,
-0.414,1.04,0.30168,1.92,-0.40176,0.43,,
-0.41688,1.04,0.30024,1.92,-0.4032,0.43,,
-0.41832,1.03,0.2988,1.92,-0.40464,0.43,,
-0.41976,1.03,0.29736,1.92,-0.40608,0.43,,
-0.4212,1.01,0.29592,1.92,-0.40752,0.42,,
-0.42264,1,0.29448,1.92,-0.40896,0.42,,
-0.42408,0.98,0.29304,1.92,-0.4104,0.42,,
-0.42552,0.97,0.2916,1.92,-0.41184,0.41,,
-0.42696,0.95,0.29016,1.92,-0.41328,0.41,,
-0.4284,0.94,0.28872,1.92,-0.41472,0.4,,
-0.42984,0.92,0.28728,1.92,-0.41616,0.4,,
-0.43128,0.9,0.28584,1.92,-0.4176,0.39,,
-0.43272,0.88,0.28476,1.92,-0.41904,0.39,,
-0.43416,0.86,0.28332,1.92,-0.42048,0.38,,
-0.43524,0.84,0.28188,1.92,-0.42192,0.38,,
-0.43668,0.83,0.28044,1.92,-0.42336,0.37,,
-0.43812,0.81,0.279,1.92,-0.4248,0.37,,
-0.43956,0.79,0.27756,1.92,-0.42624,0.36,,
-0.44244,0.77,0.27612,1.92,-0.42768,0.36,,
-0.44388,0.75,0.27468,1.92,-0.42876,0.35,,
-0.44532,0.73,0.27324,1.92,-0.4302,0.35,,
-0.44676,0.71,0.2718,1.92,-0.43164,0.34,,
-0.4482,0.69,0.27036,1.92,-0.43308,0.33,,
-0.44964,0.68,0.26892,1.92,-0.43452,0.33,,
-0.45108,0.66,0.26748,1.92,-0.43596,0.32,,
-0.45252,0.65,0.26604,1.92,-0.4374,0.32,,
-0.45396,0.64,0.2646,1.92,-0.43884,0.31,,
-0.4554,0.62,0.26316,1.92,-0.44028,0.31,,
-0.45684,0.61,0.26172,1.92,-0.44172,0.3,,
-0.45828,0.6,0.26028,1.92,-0.44316,0.3,,
-0.45972,0.59,0.25884,1.92,-0.4446,0.29,,
-0.46116,0.58,0.2574,1.92,-0.44604,0.29,,
-0.4626,0.57,0.25596,1.92,-0.44748,0.29,,
-0.46404,0.56,0.25488,1.92,-0.44892,0.28,,
-0.46656,0.55,0.25344,1.92,-0.45036,0.28,,
-0.468,0.54,0.252,1.92,-0.4518,0.28,,
-0.46944,0.54,0.25056,1.92,-0.45324,0.27,,
-0.47088,0.53,0.24912,1.92,-0.45468,0.27,,
-0.47232,0.52,0.24768,1.92,-0.45612,0.27,,
-0.47376,0.52,0.24624,1.92,-0.45756,0.26,,
-0.4752,0.51,0.2448,1.92,-0.45864,0.26,,
-0.47664,0.51,0.24336,1.92,-0.46008,0.26,,
-0.47808,0.51,0.24192,1.92,-0.46152,0.26,,
-0.47952,0.51,0.24048,1.92,-0.46296,0.26,,
-0.48096,0.51,0.23904,1.92,-0.4644,0.27,,
-0.4824,0.51,0.2376,1.92,-0.46584,0.27,,
-0.48384,0.51,0.23616,1.92,-0.46728,0.28,,
-0.48528,0.52,0.23472,1.92,-0.46872,0.29,,
-0.48672,0.52,0.23328,1.92,-0.47016,0.3,,
-0.48816,0.53,0.23184,1.92,-0.4716,0.31,,
-0.4896,0.54,0.2304,1.92,-0.47304,0.32,,
-0.49104,0.54,0.22896,1.92,-0.47448,0.32,,
-0.49248,0.55,0.22752,1.92,-0.47592,0.33,,
-0.49392,0.56,0.22608,1.92,-0.47736,0.34,,
-0.495,0.56,0.225,1.92,-0.4788,0.35,,
-0.49644,0.57,0.22356,1.92,-0.48024,0.35,,
-0.49788,0.58,0.22212,1.92,-0.48168,0.36,,
-0.49932,0.6,0.22068,1.92,-0.48312,0.37,,
-0.50076,0.61,0.21924,1.92,-0.48456,0.38,,
-0.5022,0.63,0.2178,1.92,-0.486,0.38,,
-0.50364,0.64,0.21636,1.92,-0.48744,0.39,,
-0.50508,0.65,0.21492,1.92,-0.48852,0.4,,
-0.50652,0.67,0.21348,1.92,-0.48996,0.41,,
-0.50796,0.68,0.21204,1.92,-0.4914,0.41,,
-0.5094,0.69,0.2106,1.92,-0.49284,0.42,,
-0.51084,0.7,0.20916,1.92,-0.49428,0.43,,
-0.51372,0.72,0.20772,1.92,-0.49572,0.44,,
-0.51516,0.73,0.20628,1.92,-0.49716,0.44,,
-0.5166,0.74,0.20484,1.92,-0.4986,0.45,,
-0.51804,0.76,0.2034,1.92,-0.50004,0.46,,
-0.51948,0.77,0.20196,1.92,-0.50148,0.46,,
-0.52092,0.78,0.20052,1.92,-0.50292,0.46,,
-0.52236,0.79,0.19908,1.92,-0.50436,0.46,,
-0.5238,0.8,0.19764,1.92,-0.5058,0.46,,
-0.52488,0.81,0.1962,1.92,-0.50724,0.46,,
-0.52632,0.81,0.19512,1.92,-0.50868,0.45,,
-0.52776,0.82,0.19368,1.92,-0.51012,0.45,,
-0.5292,0.82,0.19224,1.92,-0.51156,0.45,,
-0.53064,0.82,0.1908,1.92,-0.513,0.45,,
-0.53208,0.82,0.18936,1.92,-0.51444,0.44,,
-0.53352,0.82,0.18792,1.92,-0.51588,0.44,,
-0.53496,0.82,0.18648,1.92,-0.51732,0.44,,
-0.5364,0.82,0.18504,1.92,-0.5184,0.44,,
-0.53784,0.82,0.1836,1.92,-0.51984,0.43,,
-0.53928,0.81,0.18216,1.92,-0.52128,0.43,,
-0.54072,0.8,0.18072,1.92,-0.52272,0.43,,
-0.54216,0.79,0.17928,1.92,-0.52416,0.42,,
-0.54504,0.78,0.17784,1.92,-0.5256,0.42,,
-0.54648,0.77,0.1764,1.92,-0.52704,0.42,,
-0.54792,0.76,0.17496,1.92,-0.52848,0.41,,
-0.54936,0.75,0.17352,1.92,-0.52992,0.41,,
-0.5508,0.74,0.17208,1.92,-0.53136,0.4,,
-0.55224,0.73,0.17064,1.92,-0.5328,0.4,,
-0.55368,0.72,0.1692,1.92,-0.53424,0.39,,
-0.55512,0.7,0.16776,1.92,-0.53568,0.39,,
-0.5562,0.69,0.16632,1.92,-0.53712,0.38,,
-0.55764,0.67,0.16488,1.92,-0.53856,0.38,,
-0.55908,0.66,0.1638,1.92,-0.54,0.37,,
-0.56052,0.64,0.16236,1.92,-0.54144,0.37,,
-0.56196,0.63,0.16092,1.92,-0.54288,0.36,,
-0.5634,0.62,0.15948,1.92,-0.54432,0.35,,
-0.56628,0.61,0.15804,1.92,-0.54576,0.35,,
-0.56772,0.59,0.1566,1.92,-0.5472,0.34,,
-0.56916,0.58,0.15516,1.92,-0.54864,0.34,,
-0.5706,0.57,0.15372,1.92,-0.54972,0.33,,
-0.57204,0.56,0.15228,1.92,-0.55116,0.33,,
-0.57348,0.55,0.15084,1.92,-0.5526,0.32,,
-0.57492,0.54,0.1494,1.92,-0.55404,0.31,,
-0.57636,0.53,0.14796,1.92,-0.55548,0.31,,
-0.5778,0.52,0.14652,1.92,-0.55692,0.3,,
-0.57924,0.51,0.14508,1.92,-0.55836,0.3,,
-0.58068,0.5,0.14364,1.92,-0.5598,0.3,,
-0.58212,0.5,0.1422,1.92,-0.56124,0.29,,
-0.58356,0.49,0.14076,1.92,-0.56268,0.29,,
-0.585,0.48,0.13932,1.92,-0.56412,0.28,,
-0.58608,0.48,0.13788,1.92,-0.56556,0.28,,
-0.58896,0.47,0.13644,1.92,-0.567,0.28,,
-0.5904,0.47,0.135,1.92,-0.56844,0.27,,
-0.59184,0.47,0.13392,1.92,-0.56988,0.27,,
-0.59328,0.48,0.13248,1.92,-0.57132,0.27,,
-0.59472,0.48,0.13104,1.92,-0.57276,0.27,,
-0.59616,0.48,0.1296,1.92,-0.5742,0.26,,
-0.5976,0.49,0.12816,1.92,-0.57564,0.26,,
-0.59904,0.49,0.12672,1.92,-0.57708,0.27,,
-0.60048,0.5,0.12528,1.92,-0.57852,0.27,,
-0.60192,0.5,0.12384,1.92,-0.5796,0.28,,
-0.60336,0.51,0.1224,1.92,-0.58104,0.29,,
-0.6048,0.52,0.12096,1.92,-0.58248,0.3,,
-0.60624,0.54,0.11952,1.92,-0.58392,0.31,,
-0.60768,0.56,0.11808,1.92,-0.58536,0.32,,
-0.60912,0.59,0.11664,1.92,-0.5868,0.32,,
-0.61056,0.62,0.1152,1.92,-0.58824,0.33,,
-0.612,0.65,0.11376,1.92,-0.58968,0.34,,
-0.61344,0.68,0.11232,1.92,-0.59112,0.35,,
-0.61488,0.71,0.11088,1.92,-0.59256,0.35,,
-0.61596,0.74,0.10944,1.92,-0.594,0.36,,
-0.6174,0.76,0.108,1.92,-0.59544,0.37,,
-0.61884,0.79,0.10656,1.92,-0.59688,0.38,,
-0.62028,0.81,0.10512,1.92,-0.59832,0.38,,
-0.62172,0.82,0.10404,1.92,-0.59976,0.39,,
-0.62316,0.84,0.1026,1.92,-0.6012,0.4,,
-0.6246,0.86,0.10116,1.92,-0.60264,0.41,,
-0.62604,0.87,0.09972,1.92,-0.60408,0.41,,
-0.62748,0.89,0.09828,1.92,-0.60552,0.42,,
-0.62892,0.9,0.09684,1.92,-0.60696,0.43,,
-0.63036,0.92,0.0954,1.92,-0.6084,0.44,,
-0.6318,0.93,0.09396,1.92,-0.60948,0.44,,
-0.63324,0.95,0.09252,1.92,-0.61092,0.45,,
-0.63468,0.96,0.09108,1.92,-0.61236,0.46,,
-0.63756,0.97,0.08964,1.92,-0.6138,0.46,,
-0.639,0.98,0.0882,1.92,-0.61524,0.46,,
-0.64044,0.98,0.08676,1.92,-0.61668,0.46,,
-0.64188,0.98,0.08532,1.92,-0.61812,0.46,,
-0.64332,0.98,0.08388,1.92,-0.61956,0.46,,
-0.64476,0.97,0.08244,1.92,-0.621,0.46,,
-0.64584,0.96,0.081,1.92,-0.62244,0.45,,
-0.64728,0.95,0.07956,1.92,-0.62388,0.45,,
-0.64872,0.95,0.07812,1.92,-0.62532,0.45,,
-0.65016,0.94,0.07668,1.92,-0.62676,0.44,,
-0.6516,0.92,0.07524,1.92,-0.6282,0.44,,
-0.65304,0.91,0.07416,1.92,-0.62964,0.44,,
-0.65448,0.9,0.07272,1.92,-0.63108,0.44,,
-0.65592,0.88,0.07128,1.92,-0.63252,0.44,,
-0.65736,0.87,0.06984,1.92,-0.63396,0.43,,
-0.6588,0.86,0.0684,1.92,-0.6354,0.43,,
-0.66024,0.84,0.06696,1.92,-0.63684,0.43,,
-0.66168,0.82,0.06552,1.92,-0.63828,0.42,,
-0.66312,0.81,0.06408,1.92,-0.63936,0.42,,
-0.666,0.79,0.06264,1.92,-0.6408,0.41,,
-0.66744,0.78,0.0612,1.92,-0.64224,0.41,,
-0.66888,0.76,0.05976,1.92,-0.64368,0.41,,
-0.67032,0.74,0.05832,1.92,-0.64512,0.4,,
-0.67176,0.72,0.05688,1.92,-0.64656,0.4,,
-0.6732,0.71,0.05544,1.92,-0.648,0.39,,
-0.67464,0.69,0.054,1.92,-0.64944,0.39,,
-0.67572,0.68,0.05256,1.92,-0.65088,0.38,,
-0.67716,0.66,0.05112,1.92,-0.65232,0.38,,
-0.6786,0.65,0.04968,1.92,-0.65376,0.37,,
-0.68004,0.64,0.04824,1.92,-0.6552,0.36,,
-0.68148,0.63,0.0468,1.92,-0.65664,0.36,,
-0.68292,0.62,0.04536,1.92,-0.65808,0.35,,
-0.6858,0.61,0.04428,1.92,-0.65952,0.35,,
-0.68724,0.59,0.04284,1.92,-0.66096,0.34,,
-0.68868,0.58,0.0414,1.92,-0.6624,0.33,,
-0.69012,0.57,0.03996,1.92,-0.66384,0.33,,
-0.69156,0.56,0.03852,1.92,-0.66528,0.32,,
-0.693,0.55,0.03708,1.92,-0.66672,0.32,,
-0.69444,0.54,0.03564,1.92,-0.66816,0.31,,
-0.69588,0.54,0.0342,1.92,-0.66924,0.31,,
-0.69732,0.53,0.03276,1.92,-0.67068,0.3,,
-0.69876,0.53,0.03132,1.92,-0.67212,0.3,,
-0.7002,0.53,0.02988,1.92,-0.67356,0.29,,
-0.70164,0.53,0.02844,1.92,-0.675,0.29,,
-0.70308,0.53,0.027,1.92,-0.67644,0.29,,
-0.70452,0.53,0.02556,1.92,-0.67788,0.28,,
-0.7056,0.54,0.02412,1.92,-0.67932,0.28,,
-0.70704,0.54,0.02268,1.92,-0.68076,0.28,,
-0.70848,0.54,0.02124,1.92,-0.6822,0.27,,
-0.70992,0.54,0.0198,1.92,-0.68364,0.27,,
-0.71136,0.55,0.01836,1.92,-0.68508,0.27,,
-0.7128,0.56,0.01692,1.92,-0.68652,0.27,,
-0.71424,0.57,0.01548,1.92,-0.68796,0.26,,
-0.71568,0.58,0.0144,1.92,-0.6894,0.26,,
-0.71712,0.6,0.01296,1.92,-0.69084,0.26,,
-0.71856,0.64,0.01152,1.92,-0.69228,0.27,,
-0.72,0.68,0.01008,1.92,-0.69372,0.27,,
-0.72144,0.72,0.00864,1.92,-0.69516,0.28,,
-0.72288,0.76,0.0072,1.92,-0.6966,0.29,,
-0.72432,0.8,0.00576,1.92,-0.69804,0.3,,
-0.72576,0.84,0.00432,1.92,-0.69912,0.31,,
-0.7272,0.88,0.00288,1.92,-0.70056,0.33,,
-0.73008,0.91,0.00144,1.92,-0.702,0.34,,
-0.73152,0.94,0,1.92,-0.70344,0.36,,
-0.73296,0.97,-0.00144,1.92,-0.70488,0.38,,
-0.7344,1.01,-0.00288,1.92,-0.70632,0.4,,
-0.73548,1.05,-0.00432,1.92,-0.70776,0.42,,
-0.73692,1.09,-0.00576,1.92,-0.7092,0.45,,
-0.73836,1.13,-0.0072,1.92,-0.71064,0.47,,
-0.7398,1.17,-0.00864,1.92,-0.71208,0.5,,
-0.74124,1.21,-0.01008,1.92,-0.71352,0.53,,
-0.74268,1.25,-0.01152,1.92,-0.71496,0.56,,
-0.74412,1.29,-0.01296,1.92,-0.7164,0.59,,
-0.74556,1.33,-0.0144,1.92,-0.71784,0.62,,
-0.747,1.37,-0.01548,1.92,-0.71928,0.65,,
-0.74844,1.4,-0.01692,1.92,-0.72072,0.68,,
-0.74988,1.43,-0.01836,1.92,-0.72216,0.72,,
-0.75132,1.46,-0.0198,1.92,-0.7236,0.75,,
-0.75276,1.49,-0.02124,1.92,-0.72504,0.78,,
-0.7542,1.53,-0.02268,1.92,-0.72648,0.81,,
-0.75708,1.57,-0.02412,1.92,-0.72792,0.84,,
-0.75852,1.61,-0.02556,1.92,-0.729,0.87,,
-0.75996,1.65,-0.027,1.92,-0.73044,0.9,,
-0.7614,1.69,-0.02844,1.92,-0.73188,0.93,,
-0.76284,1.72,-0.02988,1.92,-0.73332,0.95,,
-0.76428,1.74,-0.03132,1.92,-0.73476,0.98,,
-0.76536,1.77,-0.03276,1.92,-0.7362,1,,
-0.7668,1.79,-0.0342,1.92,-0.73764,1.02,,
-0.76824,1.81,-0.03564,1.92,-0.73908,1.04,,
-0.76968,1.83,-0.03708,1.92,-0.74052,1.06,,
-0.77112,1.85,-0.03852,1.92,-0.74196,1.07,,
-0.77256,1.87,-0.03996,1.92,-0.7434,1.09,,
-0.774,1.88,-0.0414,1.92,-0.74484,1.1,,
-0.77544,1.9,-0.04284,1.92,-0.74628,1.11,,
-0.77688,1.91,-0.04428,1.92,-0.74772,1.12,,
-0.77832,1.93,-0.04536,1.92,-0.74916,1.13,,
-0.77976,1.94,-0.0468,1.92,-0.7506,1.14,,
-0.7812,1.95,-0.04824,1.92,-0.75204,1.14,,
-0.78264,1.96,-0.04968,1.92,-0.75348,1.15,,
-0.78408,1.96,-0.05112,1.92,-0.75492,1.15,,
-0.78552,1.97,-0.05256,1.92,-0.75636,1.16,,
-0.78696,1.98,-0.054,1.92,-0.7578,1.16,,
-0.78984,1.98,-0.05544,1.92,-0.75888,1.16,,
-0.79128,1.98,-0.05688,1.92,-0.76032,1.17,,
-0.79272,1.99,-0.05832,1.92,-0.76176,1.17,,
-0.79416,2,-0.05976,1.92,-0.7632,1.18,,
-0.79524,2,-0.0612,1.92,-0.76464,1.18,,
-0.79668,2,-0.06264,1.92,-0.76608,1.19,,
-0.79812,2.01,-0.06408,1.92,-0.76752,1.19,,
-0.79956,2.01,-0.06552,1.92,-0.76896,1.19,,
-0.801,2.02,-0.06696,1.92,-0.7704,1.2,,
-0.80244,2.03,-0.0684,1.92,-0.77184,1.2,,
-0.80388,2.03,-0.06984,1.92,-0.77328,1.21,,
-0.80532,2.03,-0.07128,1.92,-0.77472,1.21,,
-0.80676,2.04,-0.07272,1.92,-0.77616,1.21,,
-0.8082,2.04,-0.07416,1.92,-0.7776,1.22,,
-0.80964,2.04,-0.07524,1.92,-0.77904,1.22,,
-0.81108,2.05,-0.07668,1.92,-0.78048,1.23,,
-0.81252,2.05,-0.07812,1.92,-0.78192,1.23,,
-0.81396,2.05,-0.07956,1.92,-0.78336,1.23,,
-0.8154,2.05,-0.081,1.92,-0.7848,1.24,,
-0.81684,2.05,-0.08244,1.92,-0.78624,1.24,,
-0.81828,2.05,-0.08388,1.92,-0.78768,1.25,,
-0.81972,2.05,-0.08532,1.92,-0.78876,1.25,,
-0.8226,2.05,-0.08676,1.92,-0.7902,1.26,,
-0.82404,2.05,-0.0882,1.92,-0.79164,1.26,,
-0.82512,2.06,-0.08964,1.92,-0.79308,1.26,,
-0.82656,2.05,-0.09108,1.92,-0.79452,1.27,,
-0.828,2.06,-0.09252,1.92,-0.79596,1.27,,
-0.82944,2.06,-0.09396,1.92,-0.7974,1.28,,
-0.83088,2.06,-0.0954,1.92,-0.79884,1.28,,
-0.83232,2.06,-0.09684,1.92,-0.80028,1.28,,
-0.83376,2.06,-0.09828,1.92,-0.80172,1.29,,
-0.8352,2.07,-0.09972,1.92,-0.80316,1.29,,
-0.83664,2.07,-0.10116,1.92,-0.8046,1.3,,
-0.83808,2.07,-0.1026,1.92,-0.80604,1.3,,
-0.83952,2.07,-0.10404,1.92,-0.80748,1.31,,
-0.84096,2.07,-0.10512,1.92,-0.80892,1.31,,
-0.8424,2.08,-0.10656,1.92,-0.81036,1.31,,
-0.84384,2.08,-0.108,1.92,-0.8118,1.32,,
-0.84528,2.08,-0.10944,1.92,-0.81324,1.32,,
-0.84672,2.08,-0.11088,1.92,-0.81468,1.33,,
-0.84816,2.08,-0.11232,1.92,-0.81612,1.33,,
-0.8496,2.08,-0.11376,1.92,-0.81756,1.33,,
-0.85104,2.08,-0.1152,1.92,-0.81864,1.34,,
-0.85248,2.08,-0.11664,1.92,-0.82008,1.34,,
-0.85392,2.09,-0.11808,1.92,-0.82152,1.35,,
-0.85644,2.09,-0.11952,1.92,-0.82296,1.35,,
-0.85788,2.09,-0.12096,1.92,-0.8244,1.35,,
-0.85932,2.09,-0.1224,1.92,-0.82584,1.36,,
-0.86076,2.09,-0.12384,1.92,-0.82728,1.36,,
-0.8622,2.09,-0.12528,1.92,-0.82872,1.37,,
-0.86364,2.09,-0.12672,1.92,-0.83016,1.37,,
-0.86508,2.09,-0.12816,1.92,-0.8316,1.38,,
-0.86652,2.09,-0.1296,1.92,-0.83304,1.38,,
-0.86796,2.09,-0.13104,1.92,-0.83448,1.38,,
-0.8694,2.09,-0.13248,1.92,-0.83592,1.39,,
-0.87084,2.09,-0.13392,1.92,-0.83736,1.39,,
-0.87228,2.09,-0.135,1.92,-0.8388,1.4,,
-0.87372,2.09,-0.13644,1.92,-0.84024,1.4,,
-0.87516,2.09,-0.13788,1.92,-0.84168,1.4,,
-0.8766,2.09,-0.13932,1.92,-0.84312,1.41,,
-0.87948,2.1,-0.14076,1.92,-0.84456,1.41,,
-0.88092,2.09,-0.1422,1.92,-0.846,1.42,,
-0.88236,2.09,-0.14364,1.92,-0.84744,1.42,,
-0.8838,2.09,-0.14508,1.92,-0.84852,1.42,,
-0.88488,2.09,-0.14652,1.92,-0.84996,1.43,,
-0.88632,2.08,-0.14796,1.92,-0.8514,1.43,,
-0.88776,2.08,-0.1494,1.92,-0.85284,1.44,,
-0.8892,2.08,-0.15084,1.92,-0.85428,1.44,,
-0.89064,2.08,-0.15228,1.92,-0.85572,1.45,,
-0.89208,2.08,-0.15372,1.92,-0.85716,1.45,,
-0.89352,2.08,-0.15516,1.92,-0.8586,1.45,,
-0.89496,2.07,-0.1566,1.92,-0.86004,1.46,,
-0.8964,2.07,-0.15804,1.92,-0.86148,1.46,,
-0.89784,2.07,-0.15948,1.92,-0.86292,1.47,,
-0.89928,2.07,-0.16092,1.92,-0.86436,1.47,,
-0.90072,2.07,-0.16236,1.92,-0.8658,1.47,,
-0.90216,2.06,-0.1638,1.92,-0.86724,1.48,,
-0.9036,2.06,-0.16488,1.92,-0.86868,1.48,,
-0.90648,2.06,-0.16632,1.92,-0.87012,1.49,,
-0.90792,2.05,-0.16776,1.92,-0.87156,1.49,,
-0.90936,2.05,-0.1692,1.92,-0.873,1.49,,
-0.9108,2.05,-0.17064,1.92,-0.87444,1.5,,
-0.91224,2.05,-0.17208,1.92,-0.87588,1.5,,
-0.91368,2.04,-0.17352,1.92,-0.87732,1.51,,
-0.91512,2.04,-0.17496,1.92,-0.8784,1.51,,
-0.9162,2.03,-0.1764,1.92,-0.87984,1.52,,
-0.91764,2.03,-0.17784,1.92,-0.88128,1.52,,
-0.91908,2.03,-0.17928,1.92,-0.88272,1.52,,
-0.92052,2.03,-0.18072,1.92,-0.88416,1.53,,
-0.92196,2.02,-0.18216,1.92,-0.8856,1.53,,
-0.9234,2.01,-0.1836,1.92,-0.88704,1.54,,
-0.92484,2.01,-0.18504,1.92,-0.88848,1.54,,
-0.92628,2.01,-0.18648,1.92,-0.88992,1.54,,
-0.92772,2,-0.18792,1.92,-0.89136,1.55,,
-0.92916,2,-0.18936,1.92,-0.8928,1.55,,
-0.9306,2,-0.1908,1.92,-0.89424,1.56,,
-0.93204,1.99,-0.19224,1.92,-0.89568,1.56,,
-0.93348,1.99,-0.19368,1.92,-0.89712,1.56,,
-0.93492,1.98,-0.19512,1.92,-0.89856,1.57,,
-0.93636,1.98,-0.1962,1.92,-0.9,1.57,,
-0.93924,1.97,-0.19764,1.92,-0.90144,1.58,,
-0.94068,1.97,-0.19908,1.92,-0.90288,1.58,,
-0.94212,1.96,-0.20052,1.92,-0.90432,1.59,,
-0.94356,1.96,-0.20196,1.92,-0.90576,1.59,,
-0.945,1.95,-0.2034,1.92,-0.9072,1.59,,
-0.94608,1.95,-0.20484,1.92,-0.90864,1.6,,
-0.94752,1.94,-0.20628,1.92,-0.90972,1.6,,
-0.94896,1.94,-0.20772,1.92,-0.91116,1.61,,
-0.9504,1.93,-0.20916,1.92,-0.9126,1.61,,
-0.95184,1.93,-0.2106,1.92,-0.91404,1.61,,
-0.95328,1.92,-0.21204,1.92,-0.91548,1.62,,
-0.95472,1.92,-0.21348,1.92,-0.91692,1.62,,
-0.95616,1.91,-0.21492,1.92,-0.91836,1.63,,
-0.9576,1.91,-0.21636,1.92,-0.9198,1.63,,
-0.95904,1.9,-0.2178,1.92,-0.92124,1.64,,
-0.96048,1.9,-0.21924,1.92,-0.92268,1.64,,
-0.96192,1.89,-0.22068,1.92,-0.92412,1.64,,
-0.96336,1.89,-0.22212,1.92,-0.92556,1.65,,
-0.9648,1.88,-0.22356,1.92,-0.927,1.65,,
-0.96624,1.88,-0.225,1.92,-0.92844,1.66,,
-0.96768,1.88,-0.22608,1.92,-0.92988,1.66,,
-0.97056,1.87,-0.22752,1.92,-0.93132,1.66,,
-0.972,1.87,-0.22896,1.92,-0.93276,1.67,,
-0.97344,1.86,-0.2304,1.92,-0.9342,1.67,,
-0.97488,1.86,-0.23184,1.92,-0.93564,1.68,,
-0.97596,1.86,-0.23328,1.92,-0.93708,1.68,,
-0.9774,1.85,-0.23472,1.92,-0.93852,1.68,,
-0.97884,1.85,-0.23616,1.92,-0.9396,1.69,,
-0.98028,1.85,-0.2376,1.92,-0.94104,1.69,,
-0.98172,1.84,-0.23904,1.92,-0.94248,1.7,,
-0.98316,1.84,-0.24048,1.92,-0.94392,1.7,,
-0.9846,1.84,-0.24192,1.92,-0.94536,1.71,,
-0.98604,1.83,-0.24336,1.92,-0.9468,1.71,,
-0.98748,1.83,-0.2448,1.92,-0.94824,1.71,,
-0.98892,1.83,-0.24624,1.92,-0.94968,1.72,,
-0.99036,1.83,-0.24768,1.92,-0.95112,1.72,,
-0.9918,1.82,-0.24912,1.92,-0.95256,1.73,,
-0.99324,1.82,-0.25056,1.92,-0.954,1.73,,
-0.99468,1.82,-0.252,1.92,-0.95544,1.73,,
-0.99612,1.82,-0.25344,1.92,-0.95688,1.74,,
-0.99756,1.81,-0.25488,1.92,-0.95832,1.74,,
-0.999,1.81,-0.25596,1.92,-0.95976,1.75,,
-1.00188,1.81,-0.2574,1.92,-0.9612,1.75,,
-1.00188,1.81,-0.25884,1.92,-0.96264,1.75,,
-1.00476,1.81,-0.26028,1.92,-0.96408,1.76,,
-1.00584,1.81,-0.26172,1.92,-0.96552,1.76,,
-1.00728,1.81,-0.26316,1.92,-0.96696,1.77,,
-1.00872,1.81,-0.2646,1.92,-0.9684,1.77,,
-1.01016,1.81,-0.26604,1.92,-0.96948,1.78,,
-1.0116,1.81,-0.26748,1.92,-0.97092,1.78,,
-1.01304,1.81,-0.26892,1.92,-0.97236,1.78,,
-1.01448,1.8,-0.27036,1.92,-0.9738,1.79,,
-1.01592,1.8,-0.2718,1.92,-0.97524,1.79,,
-1.01736,1.81,-0.27324,1.92,-0.97668,1.8,,
-1.0188,1.81,-0.27468,1.92,-0.97812,1.8,,
-1.02024,1.81,-0.27612,1.92,-0.97956,1.8,,
-1.02168,1.81,-0.27756,1.92,-0.981,1.81,,
-1.02312,1.81,-0.279,1.92,-0.98244,1.81,,
-1.02456,1.81,-0.28044,1.92,-0.98388,1.82,,
-1.026,1.81,-0.28188,1.92,-0.98532,1.82,,
-1.02744,1.81,-0.28332,1.92,-0.98676,1.82,,
-1.02888,1.81,-0.28476,1.92,-0.9882,1.83,,
-1.03032,1.82,-0.28584,1.92,-0.98964,1.83,,
-1.03176,1.82,-0.28728,1.92,-0.99108,1.84,,
-1.0332,1.82,-0.28872,1.92,-0.99252,1.84,,
-1.03464,1.82,-0.29016,1.92,-0.99396,1.85,,
-1.03572,1.83,-0.2916,1.92,-0.9954,1.85,,
-1.0386,1.82,-0.29304,1.92,-0.99684,1.85,,
-1.04004,1.83,-0.29448,1.92,-0.99828,1.86,,
-1.04148,1.83,-0.29592,1.92,-0.99936,1.86,,
-1.04292,1.83,-0.29736,1.92,-1.0008,1.87,,
-1.04436,1.83,-0.2988,1.92,-1.00224,1.87,,
-1.0458,1.83,-0.30024,1.92,-1.00368,1.87,,
-1.04724,1.83,-0.30168,1.92,-1.00512,1.88,,
-1.04868,1.83,-0.30312,1.92,-1.00656,1.88,,
-1.05012,1.84,-0.30456,1.92,-1.008,1.89,,
-1.05156,1.84,-0.306,1.92,-1.00944,1.89,,
-1.053,1.84,-0.30744,1.92,-1.01088,1.89,,
-1.053,1.84,-0.30888,1.92,-1.01232,1.9,,
0,,-0.310197628,1.92156368,-1.013757154,1.89792755,,
0,,-0.311620553,1.921569132,-1.015180079,1.900681277,,
0,,-0.313043478,1.921574585,-1.016603004,1.903282325,,
0,,-0.314466403,1.921580037,-1.018025929,1.905730695,,
0,,-0.315889328,1.92158549,-1.019448854,1.908026386,,
0,,-0.317312253,1.921590942,-1.020871779,1.910169398,,
0,,-0.318735178,1.921596394,-1.022294704,1.912159729,,
0,,-0.320158103,1.921601847,-1.023717628,1.913997381,,
0,,-0.321581028,1.921607299,-1.025140553,1.915682351,,
0,,-0.323003953,1.921612752,-1.026563478,1.917214641,,
0,,-0.324426877,1.921618204,-1.027986403,1.918594248,,
0,,-0.325849802,1.921623657,-1.029409328,1.919821173,,
0,,-0.327272727,1.921629109,-1.030832253,1.920895415,,
0,,-0.328695652,1.921634561,-1.032255178,1.921816975,,
0,,-0.330118577,1.921640014,-1.033678103,1.92258585,,
0,,-0.331541502,1.921645466,-1.035101028,1.923202041,,
0,,-0.332964427,1.921650919,-1.036523953,1.923665548,,
0,,-0.334387352,1.921656371,-1.037946878,1.923976369,,
0,,-0.335810277,1.921661823,-1.039369802,1.924134505,,
0,,-0.337233202,1.921667276,-1.040792727,1.924139954,,
0,,-0.338656127,1.921672728,-1.042215652,1.924145404,,
0,,-0.340079051,1.92167818,-1.043638577,1.924150853,,
0,,-0.341501976,1.921683633,-1.045061502,1.924156303,,
0,,-0.342924901,0.257653533,-1.046484427,1.924161752,,
0,,-0.344347826,0.257653734,-1.047907352,1.924167202,,
0,,-0.345770751,0.257653935,-1.049330277,1.924172651,,
0,,-0.347193676,0.257654137,-1.050753201,1.9241781,,
0,,-0.348616601,0.257654338,-1.052176126,1.92418355,,
0,,-0.350039526,0.257654539,-1.053599052,1.924188999,,
0,,-0.351462451,0.257654741,-1.055021976,1.924194449,,
0,,-0.352885376,0.257654942,-1.056444901,1.924199898,,
0,,-0.3543083,0.257655144,-1.057867826,1.924205348,,
0,,-0.355731225,0.257655345,-1.059290751,1.924210797,,
0,,-0.35715415,0.257655546,-1.060713676,1.924216247,,
0,,-0.358577075,0.257655748,-1.062136601,1.924221696,,
0,,-0.36,0.257655949,-1.063559526,1.924227145,,
0,,-0.361422925,0.257656151,-1.064982451,1.924232595,,
0,,-0.36284585,0.257656352,-1.066405375,1.924238044,,
0,,-0.364268775,0.257656553,-1.0678283,1.924243493,,
0,,-0.3656917,0.257656755,-1.069251225,1.924248943,,
0,,-0.367114625,0.257656956,-1.07067415,1.924254392,,
0,,-0.368537549,0.257657157,-1.072097075,1.924259842,,
0,,-0.369960474,0.257657359,-1.07352,1.924265291,,
0,,-0.371383399,0.25765756,-1.074942925,1.92427074,,
0,,-0.372806324,0.257657762,-1.07636585,1.92427619,,
0,,-0.374229249,0.257657963,-1.077788775,1.924281639,,
0,,-0.375652174,0.257658164,-1.0792117,1.924287088,,
0,,-0.377075099,0.257658366,-1.080634625,1.924292538,,
0,,-0.378498024,0.257658567,-1.082057549,1.924297987,,
0,,-0.379920948,0.257658768,-1.083480474,1.924303436,,
0,,-0.381343874,0.25765897,-1.084903399,1.924308886,,
0,,-0.382766799,0.257659171,-1.086326324,1.924314335,,
0,,-0.384189723,0.257659373,-1.087749249,1.924319784,,
0,,-0.385612648,0.257659574,-1.089172174,1.924325234,,
0,,-0.387035573,0.257659775,-1.090595099,1.924330683,,
0,,-0.388458498,0.257659977,-1.092018024,1.924336132,,
0,,-0.389881423,0.257660178,-1.093440948,1.924341581,,
0,,-0.391304348,0.25766038,-1.094863874,1.924347031,,
0,,-0.392727273,0.257660581,-1.096286799,1.92435248,,
0,,-0.394150198,0.257660782,-1.097709723,1.924357929,,
0,,-0.395573122,0.257660984,-1.099132648,1.924363378,,
0,,-0.396996047,0.257661185,-1.100555573,1.924368828,,
0,,-0.398418972,1.921901722,-1.101978498,1.924374277,,
0,,-0.399841897,1.921907174,-1.103401423,1.924379726,,
0,,-0.401264822,1.921912626,-1.104824348,1.924385175,,
0,,-0.402687747,1.921918078,-1.106247273,1.924390625,,
0,,-0.404110672,1.92192353,-1.107670198,1.924396074,,
0,,-0.405533597,1.921928982,-1.109093122,1.924401523,,
0,,-0.406956522,1.921934434,-1.110516047,1.924406972,,
0,,-0.408379447,1.921939886,-1.111938972,1.924412421,,
0,,-0.409802372,1.921945338,-1.113361897,1.924417871,,
0,,-0.411225296,1.92195079,-1.114784822,1.92442332,,
0,,-0.412648221,1.921956242,-1.116207747,1.924428769,,
0,,-0.414071146,1.921961694,-1.117630672,1.924434218,,
0,,-0.415494071,1.921967146,-1.119053597,1.924439667,,
0,,-0.416916996,1.921972598,-1.120476522,1.924445116,,
0,,-0.418339921,1.92197805,-1.121899447,1.924450566,,
0,,-0.419762846,1.921983502,-1.123322372,1.924456015,,
0,,-0.421185771,1.921988954,-1.124745296,1.924461464,,
0,,-0.422608695,1.921994406,-1.126168221,1.924466913,,
0,,-0.424031621,1.921999858,-1.127591146,1.924472362,,
0,,-0.425454546,1.92200531,-1.129014071,1.924477811,,
0,,-0.42687747,1.922010762,-1.130436996,1.92448326,,
0,,-0.428300395,1.922016214,-1.131859921,1.924488709,,
0,,-0.42972332,1.922021666,-1.133282846,1.924494158,,
0,,-0.431146245,1.922027118,-1.134705771,1.924499608,,
0,,-0.43256917,1.92203257,-1.136128695,1.924505057,,
0,,-0.433992095,1.922038022,-1.137551621,1.924510506,,
0,,-0.43541502,1.922043474,-1.138974546,1.924515955,,
0,,-0.436837945,1.922048926,-1.14039747,1.924521404,,
0,,-0.438260869,1.922054378,-1.141820395,1.924526853,,
0,,-0.439683795,1.92205983,-1.14324332,1.924532302,,
0,,-0.441106719,1.922065282,-1.144666245,1.924537751,,
0,,-0.442529644,1.922070734,-1.14608917,1.9245432,,
0,,-0.443952569,1.922076185,-1.147512095,1.924548649,,
0,,-0.445375494,1.922081637,-1.14893502,1.924554098,,
0,,-0.446798419,1.922087089,-1.150357945,1.924559547,,
0,,-0.448221344,1.922092541,-1.151780869,1.924564996,,
0,,-0.449644269,1.922097993,-1.153203795,1.924570445,,
0,,-0.451067194,1.922103445,-1.154626719,1.924575894,,
0,,-0.452490119,1.922108897,-1.156049644,1.924581343,,
0,,-0.453913043,1.922114349,-1.157472569,1.924586792,,
0,,-0.455335968,0.257669442,-1.158895494,1.924592241,,
0,,-0.456758893,0.257669643,-1.160318419,1.92459769,,
0,,-0.458181818,0.257669844,-1.161741344,1.924603139,,
0,,-0.459604743,0.257670046,-1.163164269,1.924608588,,
0,,-0.461027668,0.257670247,-1.164587194,1.924614037,,
0,,-0.462450593,0.257670449,-1.166010119,1.924619486,,
0,,-0.463873518,0.25767065,-1.167433043,1.924624935,,
0,,-0.465296443,0.257670851,-1.168855968,1.924630384,,
0,,-0.466719368,0.257671053,-1.170278893,1.924635833,,
0,,-0.468142293,0.257671254,-1.171701818,1.924641282,,
0,,-0.469565217,0.257671455,-1.173124743,1.924646731,,
0,,-0.470988142,0.257671657,-1.174547668,1.92465218,,
0,,-0.472411067,0.257671858,-1.175970593,1.924657628,,
0,,-0.473833992,0.25767206,-1.177393518,1.924663077,,
0,,-0.475256917,0.257672261,-1.178816443,1.924668526,,
0,,-0.476679842,0.257672462,-1.180239368,1.924673975,,
0,,-0.478102767,0.257672664,-1.181662293,1.924679424,,
0,,-0.479525692,0.257672865,-1.183085217,1.924684873,,
0,,-0.480948616,0.257673066,-1.184508142,1.924690322,,
0,,-0.482371542,0.257673268,-1.185931067,1.924695771,,
0,,-0.483794466,0.257673469,-1.187353992,1.924701219,,
0,,-0.485217391,0.257673671,-1.188776917,1.924706668,,
0,,-0.486640316,0.257673872,-1.190199842,1.924712117,,
0,,-0.488063241,0.257674073,-1.191622767,1.924717566,,
0,,-0.489486166,0.257674275,-1.193045692,1.924723015,,
0,,-0.490909091,0.257674476,-1.194468616,1.924728464,,
0,,-0.492332016,0.257674677,-1.195891542,1.924733912,,
0,,-0.493754941,0.257674879,-1.197314466,1.924739361,,
0,,-0.495177866,0.25767508,-1.198737391,1.92474481,,
0,,-0.49660079,0.257675282,-1.200160316,1.924750259,,
0,,-0.498023715,0.257675483,-1.201583241,1.924755708,,
0,,-0.49944664,0.257675684,-1.203006166,1.924761156,,
0,,-0.500869565,0.257675886,-1.204429091,1.924766605,,
0,,-0.50229249,0.257676087,-1.205852016,1.924772054,,
0,,-0.503715415,0.257676289,-1.207274941,1.924777503,,
0,,-0.50513834,0.25767649,-1.208697866,1.924782952,,
0,,-0.506561265,0.257676691,-1.21012079,1.9247884,,
0,,-0.50798419,0.257676893,-1.211543715,1.924793849,,
0,,-0.509407115,0.257677094,-1.21296664,1.924799298,,
0,,-0.51083004,0.257677295,-1.214389565,1.924804747,,
0,,-0.512252964,0.257677497,-1.21581249,1.924810195,,
0,,-0.513675889,1.922343321,-1.217235415,1.924815644,,
0,,-0.515098814,1.922348772,-1.21865834,1.924821093,,
0,,-0.516521739,1.922354224,-1.220081265,1.924826541,,
0,,-0.517944664,1.922359675,-1.22150419,1.92483199,,
0,,-0.519367589,1.922365127,-1.222927115,1.924837439,,
0,,-0.520790514,1.922370578,-1.22435004,1.924842888,,
0,,-0.522213439,1.92237603,-1.225772964,1.924848336,,
0,,-0.523636364,1.922381482,-1.227195889,1.924853785,,
0,,-0.525059289,1.922386933,-1.228618814,1.924859234,,
0,,-0.526482213,1.922392385,-1.230041739,1.924864682,,
0,,-0.527905138,1.922397836,-1.231464664,1.924870131,,
0,,-0.529328063,1.922403288,-1.232887589,1.92487558,,
0,,-0.530750988,1.922408739,-1.234310514,1.924881028,,
0,,-0.532173913,1.922414191,-1.235733439,1.924886477,,
0,,-0.533596838,1.922419642,-1.237156364,1.924891926,,
0,,-0.535019763,1.922425094,-1.238579289,1.924897374,,
0,,-0.536442688,1.922430545,-1.240002213,1.924902823,,
0,,-0.537865613,1.922435997,-1.241425138,1.924908271,,
0,,-0.539288537,1.922441448,-1.242848063,1.92491372,,
0,,-0.540711463,1.9224469,-1.244270988,1.924919169,,
0,,-0.542134387,1.922452351,-1.245693913,1.924924617,,
0,,-0.543557312,1.922457802,-1.247116838,1.924930066,,
0,,-0.544980237,1.922463254,-1.248539763,1.924935514,,
0,,-0.546403162,1.922468705,-1.249962688,1.924940963,,
0,,-0.547826087,1.922474157,-1.251385613,1.924946412,,
0,,-0.549249012,1.922479608,-1.252808537,1.92495186,,
0,,-0.550671937,1.92248506,-1.254231463,1.924957309,,
0,,-0.552094862,1.922490511,-1.255654387,1.924962757,,
0,,-0.553517787,1.922495962,-1.257077312,1.924968206,,
0,,-0.554940711,1.922501414,-1.258500237,1.924973654,,
0,,-0.556363636,1.922506865,-1.259923162,1.924979103,,
0,,-0.557786561,1.922512317,-1.261346087,1.924984551,,
0,,-0.559209486,1.922517768,-1.262769012,1.92499,,
0,,-0.560632411,1.922523219,-1.264191937,1.924995448,,
0,,-0.562055336,1.922528671,-1.265614862,1.925000897,,
0,,-0.563478261,1.922534122,-1.267037787,1.925006345,,
0,,-0.564901186,1.922539573,-1.268460711,1.925011794,,
0,,-0.566324111,1.922545025,-1.269883636,1.925017242,,
0,,-0.567747036,1.922550476,-1.271306561,1.925022691,,
0,,-0.56916996,1.922555928,-1.272729486,1.925028139,,
0,,-0.570592885,0.257685753,-1.274152411,1.925033588,,
0,,-0.57201581,0.257685955,-1.275575336,1.925039036,,
0,,-0.573438735,0.257686156,-1.276998261,1.925044485,,
0,,-0.57486166,0.257686358,-1.278421186,1.925049933,,
0,,-0.576284585,0.257686559,-1.279844111,1.925055382,,
0,,-0.57770751,0.25768676,-1.281267036,1.92506083,,
0,,-0.579130435,0.257686962,-1.28268996,1.925066279,,
0,,-0.58055336,0.257687163,-1.284112885,1.925071727,,
0,,-0.581976285,0.257687364,-1.28553581,1.925077175,,
0,,-0.58339921,0.257687566,-1.286958735,1.925082624,,
0,,-0.584822134,0.257687767,-1.28838166,1.925088072,,
0,,-0.586245059,0.257687969,-1.289804585,1.925093521,,
0,,-0.587667984,0.25768817,-1.29122751,1.925098969,,
0,,-0.589090909,0.257688371,-1.292650435,1.925104417,,
0,,-0.590513834,0.257688573,-1.29407336,1.925109866,,
0,,-0.591936759,0.257688774,-1.295496285,1.925115314,,
0,,-0.593359684,0.257688975,-1.29691921,1.925120763,,
0,,-0.594782609,0.257689177,-1.298342134,1.925126211,,
0,,-0.596205534,0.257689378,-1.299765059,1.925131659,,
0,,-0.597628458,0.25768958,-1.301187984,1.925137108,,
0,,-0.599051384,0.257689781,-1.302610909,1.925142556,,
0,,-0.600474308,0.257689982,-1.304033834,1.925148004,,
0,,-0.601897233,0.257690184,-1.305456759,1.925153453,,
0,,-0.603320158,0.257690385,-1.306879684,1.925158901,,
0,,-0.604743083,0.257690587,-1.308302609,1.925164349,,
0,,-0.606166008,0.257690788,-1.309725534,1.925169798,,
0,,-0.607588933,0.257690989,-1.311148458,1.925175246,,
0,,-0.609011858,0.257691191,-1.312571384,1.925180694,,
0,,-0.610434783,0.257691392,-1.313994308,1.925186143,,
0,,-0.611857707,0.257691593,-1.315417233,1.925191591,,
0,,-0.613280632,0.257691795,-1.316840158,1.925197039,,
0,,-0.614703557,0.257691996,-1.318263083,1.925202487,,
0,,-0.616126482,0.257692198,-1.319686008,1.925207936,,
0,,-0.617549407,0.257692399,-1.321108933,1.925213384,,
0,,-0.618972332,0.2576926,-1.322531858,1.925218832,,
0,,-0.620395257,0.257692802,-1.323954783,1.92522428,,
0,,-0.621818182,0.257693003,-1.325377707,1.925229729,,
0,,-0.623241107,0.257693204,-1.326800632,1.925235177,,
0,,-0.624664032,0.257693406,-1.328223557,1.925240625,,
0,,-0.626086957,1.922773976,-1.329646482,1.925246073,,
0,,-0.627509881,1.922779427,-1.331069407,1.925251522,,
0,,-0.628932806,1.922784878,-1.332492332,1.92525697,,
0,,-0.630355731,1.922790329,-1.333915257,1.925262418,,
0,,-0.631778656,1.92279578,-1.335338182,1.925267866,,
0,,-0.633201581,1.922801231,-1.336761107,1.925273314,,
0,,-0.634624506,1.922806682,-1.338184032,1.925278763,,
0,,-0.636047431,1.922812133,-1.339606957,1.925284211,,
0,,-0.637470356,1.922817584,-1.341029881,1.925289659,,
0,,-0.638893281,1.922823035,-1.342452806,1.925295107,,
0,,-0.640316205,1.922828486,-1.343875731,1.925300555,,
0,,-0.641739131,1.922833937,-1.345298656,1.925306003,,
0,,-0.643162055,1.922839389,-1.346721581,1.925311452,,
0,,-0.64458498,1.92284484,-1.348144506,1.9253169,,
0,,-0.646007905,1.922850291,-1.349567431,1.925322348,,
0,,-0.64743083,1.922855741,-1.350990356,1.925327796,,
0,,-0.648853755,1.922861192,-1.352413281,1.925333244,,
0,,-0.65027668,1.922866643,-1.353836205,1.925338692,,
0,,-0.651699605,1.922872094,-1.355259131,1.92534414,,
0,,-0.65312253,1.922877545,-1.356682055,1.925349589,,
0,,-0.654545454,1.922882996,-1.35810498,1.925355037,,
0,,-0.655968379,1.922888447,-1.359527905,1.925360485,,
0,,-0.657391305,1.922893898,-1.36095083,1.925365933,,
0,,-0.658814229,1.922899349,-1.362373755,1.925371381,,
0,,-0.660237154,1.9229048,-1.36379668,1.925376829,,
0,,-0.661660079,1.922910251,-1.365219605,1.925382277,,
0,,-0.663083004,1.922915702,-1.36664253,1.925387725,,
0,,-0.664505929,1.922921153,-1.368065454,1.925393173,,
0,,-0.665928854,1.922926604,-1.369488379,1.925398621,,
0,,-0.667351779,1.922932055,-1.370911305,1.925404069,,
0,,-0.668774704,1.922937506,-1.372334229,1.925409517,,
0,,-0.670197628,1.922942957,-1.373757154,1.925414965,,
0,,-0.671620553,1.922948407,-1.375180079,1.925420413,,
0,,-0.673043478,1.922953858,-1.376603004,1.925425861,,
0,,-0.674466403,1.922959309,-1.378025929,1.925431309,,
0,,-0.675889328,1.92296476,-1.379448854,1.925436757,,
0,,-0.677312253,1.922970211,-1.380871779,1.925442205,,
0,,-0.678735178,1.922975662,-1.382294704,1.925447653,,
0,,-0.680158103,1.922981113,-1.383717628,1.925453101,,
0,,-0.681581028,1.922986563,-1.385140553,1.925458549,,
0,,-0.683003953,1.922992014,-1.386563478,1.925463997,,
0,,-0.684426878,0.257701864,-1.387986403,1.925469445,,
0,,-0.685849802,0.257702065,-1.389409328,1.925474893,,
0,,-0.687272727,0.257702267,-1.390832253,1.925480341,,
0,,-0.688695652,0.257702468,-1.392255178,1.925485789,,
0,,-0.690118577,0.257702669,-1.393678103,1.925491237,,
0,,-0.691541502,0.257702871,-1.395101028,1.925496685,,
0,,-0.692964427,0.257703072,-1.396523953,1.925502133,,
0,,-0.694387352,0.257703273,-1.397946878,1.925507379,,
0,,-0.695810277,0.257703475,-1.399369802,1.925512424,,
0,,-0.697233201,0.257703676,-1.400792727,1.925517266,,
0,,-0.698656126,0.257703878,-1.402215652,1.925521907,,
0,,-0.700079052,0.257704079,-1.403638577,1.925526346,,
0,,-0.701501976,0.25770428,-1.405061502,1.925530583,,
0,,-0.702924901,0.257704482,-1.406484427,1.925534619,,
0,,-0.704347826,0.257704683,-1.407907352,1.925538452,,
0,,-0.705770751,0.257704884,-1.409330277,1.925542084,,
0,,-0.707193676,0.257705086,-1.410753201,1.925545515,,
0,,-0.708616601,0.257705287,-1.412176126,1.925548743,,
0,,-0.710039526,0.257705489,-1.413599052,1.92555177,,
0,,-0.711462451,0.25770569,-1.415021976,1.925554594,,
0,,-0.712885375,0.257705891,0.00648,,,
0,,-0.7143083,0.257706093,0.00648,,,
0,,-0.715731225,0.257706294,0.00648,,,
0,,-0.71715415,0.257706496,0.00648,,,
0,,-0.718577075,0.257706697,0.00648,,,
0,,-0.72,0.257706898,0.00648,,,
0,,-0.721422925,0.2577071,0.00648,,,
0,,-0.72284585,0.257707301,0.00648,,,
0,,-0.724268775,0.257707502,0.00648,,,
0,,-0.7256917,0.257707704,0.00648,,,
0,,-0.727114625,0.257707905,0.00648,,,
0,,-0.728537549,0.257708107,0.00648,,,
0,,-0.729960474,0.257708308,0.00648,,,
0,,-0.731383399,0.257708509,0.00648,,,
0,,-0.732806324,0.257708711,0.00648,,,
0,,-0.734229249,0.257708912,0.00648,,,
0,,-0.735652174,0.257709113,0.00648,,,
0,,-0.737075099,0.257709315,0.00648,,,
0,,-0.738498024,0.257709516,0.00648,,,
0,,-0.739920948,0.257709718,0.00648,,,
0,,-0.741343874,1.923215493,0.00648,,,
0,,-0.742766799,1.923220944,0.00648,,,
0,,-0.744189723,1.923226394,0.00648,,,
0,,-0.745612648,1.923231845,0.00648,,,
0,,-0.747035573,1.923237295,0.00648,,,
0,,-0.748458498,1.923242746,0.00648,,,
0,,-0.749881423,1.923248196,0.00648,,,
0,,-0.751304348,1.923253647,0.00648,,,
0,,-0.752727273,1.923259097,0.00648,,,
0,,-0.754150198,1.923264548,0.00648,,,
0,,-0.755573122,1.923269998,0.00648,,,
0,,-0.756996047,1.923275449,0.00648,,,
0,,-0.758418972,1.923280899,0.00648,,,
0,,-0.759841897,1.92328635,0.00648,,,
0,,-0.761264822,1.9232918,0.00648,,,
0,,-0.762687747,1.923297251,0.00648,,,
0,,-0.764110672,1.923302701,0.00648,,,
0,,-0.765533597,1.923308152,0.00648,,,
0,,-0.766956522,1.923313602,0.00648,,,
0,,-0.768379447,1.923319053,0.00648,,,
0,,-0.769802372,1.923324503,0.00648,,,
0,,-0.771225296,1.923329954,0.00648,,,
0,,-0.772648221,1.923335404,0.00648,,,
0,,-0.774071146,1.923340855,0.00648,,,
0,,-0.775494071,1.923346305,0.00648,,,
0,,-0.776916996,1.923351755,0.00648,,,
0,,-0.778339921,1.923357206,0.00648,,,
0,,-0.779762846,1.923362656,0.00648,,,
0,,-0.781185771,1.923368107,0.00648,,,
0,,-0.782608695,1.923373557,0.00648,,,
0,,-0.784031621,1.923379007,0.00648,,,
0,,-0.785454546,1.923384458,0.00648,,,
0,,-0.78687747,1.923389908,0.00648,,,
0,,-0.788300395,1.923395359,0.00648,,,
0,,-0.78972332,1.923400809,0.00648,,,
0,,-0.791146245,1.923406259,0.00648,,,
0,,-0.79256917,1.92341171,0.00648,,,
0,,-0.793992095,1.92341716,0.00648,,,
0,,-0.79541502,1.92342261,0.00648,,,
0,,-0.796837945,1.923428061,0.00648,,,
0,,-0.798260869,1.923433511,0.00648,,,
0,,-0.799683795,1.923438961,0.00648,,,
0,,-0.801106719,1.923444412,0.00648,,,
0,,-0.802529644,1.923449862,0.00648,,,
0,,-0.803952569,1.923455312,0.00648,,,
0,,-0.805375494,1.923460762,0.00648,,,
0,,-0.806798419,1.923466213,0.00648,,,
0,,-0.808221344,1.923471663,0.00648,,,
0,,-0.809644269,1.923477113,0.00648,,,
0,,-0.811067194,1.923482564,0.00648,,,
0,,-0.812490119,1.923488014,0.00648,,,
0,,-0.813913043,1.923493464,0.00648,,,
0,,-0.815335968,1.923498914,0.00648,,,
0,,-0.816758893,1.923504365,0.00648,,,
0,,-0.818181818,1.923509815,0.00648,,,
0,,-0.819604743,1.923515265,0.00648,,,
0,,-0.821027668,1.923520715,0.00648,,,
0,,-0.822450593,1.923526165,0.00648,,,
0,,-0.823873518,1.923531616,0.00648,,,
0,,-0.825296443,1.923537066,0.00648,,,
0,,-0.826719368,1.923542516,0.00648,,,
0,,-0.828142293,1.923547966,0.00648,,,
0,,-0.829565217,1.923553416,0.00648,,,
0,,-0.830988142,1.923558867,0.00648,,,
0,,-0.832411067,1.923564317,0.00648,,,
0,,-0.833833992,1.923569767,0.00648,,,
0,,-0.835256917,1.923575217,0.00648,,,
0,,-0.836679842,1.923580667,0.00648,,,
0,,-0.838102767,1.923586117,0.00648,,,
0,,-0.839525692,1.923591568,0.00648,,,
0,,-0.840948616,1.923597018,0.00648,,,
0,,-0.842371542,1.923602468,0.00648,,,
0,,-0.843794466,1.923607918,0.00648,,,
0,,-0.845217391,1.923613368,0.00648,,,
0,,-0.846640316,1.923618818,0.00648,,,
0,,-0.848063241,1.923624268,0.00648,,,
0,,-0.849486166,1.923629718,0.00648,,,
0,,-0.850909091,1.923635168,0.00648,,,
0,,-0.852332016,1.923640619,0.00648,,,
0,,-0.853754941,1.923646069,0.00648,,,
0,,-0.855177866,1.923651519,0.00648,,,
0,,-0.85660079,1.923656969,0.00648,,,
0,,-0.858023715,1.923662419,0.00648,,,
0,,-0.85944664,1.923667869,0.00648,,,
0,,-0.860869565,1.923673319,0.00648,,,
0,,-0.86229249,1.923678769,0.00648,,,
0,,-0.863715415,1.923684219,0.00648,,,
0,,-0.86513834,1.923689669,0.00648,,,
0,,-0.866561265,1.923695119,0.00648,,,
0,,-0.86798419,1.923700569,0.00648,,,
0,,-0.869407115,1.923706019,0.00648,,,
0,,-0.87083004,1.923711469,0.00648,,,
0,,-0.872252964,1.923716919,0.00648,,,
0,,-0.873675889,1.923722369,0.00648,,,
0,,-0.875098814,1.923727819,0.00648,,,
0,,-0.876521739,1.923733269,0.00648,,,
0,,-0.877944664,1.923738719,0.00648,,,
0,,-0.879367589,1.923744169,0.00648,,,
0,,-0.880790514,1.923749619,0.00648,,,
0,,-0.882213439,1.923755069,0.00648,,,
0,,-0.883636364,1.923760519,0.00648,,,
0,,-0.885059289,1.923765969,0.00648,,,
0,,-0.886482213,1.923771419,0.00648,,,
0,,-0.887905138,1.923776869,0.00648,,,
0,,-0.889328063,1.923782319,0.00648,,,
0,,-0.890750988,1.923787768,0.00648,,,
0,,-0.892173913,1.923793218,0.00648,,,
0,,-0.893596838,1.923798668,0.00648,,,
0,,-0.895019763,1.923804118,0.00648,,,
0,,-0.896442688,1.923809568,0.00648,,,
0,,-0.897865613,1.923815018,0.00648,,,
0,,-0.899288537,1.923820468,0.00648,,,
0,,-0.900711463,1.923825918,0.00648,,,
0,,-0.902134387,1.923831368,0.00648,,,
0,,-0.903557312,1.923836817,0.00648,,,
0,,-0.904980237,1.923842267,0.00648,,,
0,,-0.906403162,1.923847717,0.00648,,,
0,,-0.907826087,1.923853167,0.00648,,,
0,,-0.909249012,1.923858617,0.00648,,,
0,,-0.910671937,1.923864067,0.00648,,,
0,,-0.912094862,1.923869516,0.00648,,,
0,,-0.913517787,1.923874966,0.00648,,,
0,,-0.914940711,1.923880416,0.00648,,,
0,,-0.916363636,1.923885866,0.00648,,,
0,,-0.917786561,1.923891316,0.00648,,,
0,,-0.919209486,1.923896765,0.00648,,,
0,,-0.920632411,1.923902215,0.00648,,,
0,,-0.922055336,1.923907665,0.00648,,,
0,,-0.923478261,1.923913115,0.00648,,,
0,,-0.924901186,1.923918564,0.00648,,,
0,,-0.926324111,1.923924014,0.00648,,,
0,,-0.927747036,1.923929464,0.00648,,,
0,,-0.92916996,1.923934914,0.00648,,,
0,,-0.930592885,1.923940363,0.00648,,,
0,,-0.93201581,1.923945813,0.00648,,,
0,,-0.933438735,1.923951263,0.00648,,,
0,,-0.93486166,1.923956713,0.00648,,,
0,,-0.936284585,1.923962162,0.00648,,,
0,,-0.93770751,1.923967612,0.00648,,,
0,,-0.939130435,1.923973062,0.00648,,,
0,,-0.94055336,1.923978511,0.00648,,,
0,,-0.941976285,1.923983961,0.00648,,,
0,,-0.94339921,1.923989411,0.00648,,,
0,,-0.944822134,1.923994861,0.00648,,,
0,,-0.946245059,1.92400031,0.00648,,,
0,,-0.947667984,1.92400576,0.00648,,,
0,,-0.949090909,1.924011209,0.00648,,,
0,,-0.950513834,1.924016659,0.00648,,,
0,,-0.951936759,1.924022109,0.00648,,,
0,,-0.953359684,1.924027558,0.00648,,,
0,,-0.954782609,1.924033008,0.00648,,,
0,,-0.956205534,1.924038458,0.00648,,,
0,,-0.957628458,1.924043907,0.00648,,,
0,,-0.959051384,1.924049357,0.00648,,,
0,,-0.960474308,1.924054807,0.00648,,,
0,,-0.961897233,1.924060256,0.00648,,,
0,,-0.963320158,1.924065706,0.00648,,,
0,,-0.964743083,1.924071155,0.00648,,,
0,,-0.966166008,1.924076605,0.00648,,,
0,,-0.967588933,1.924082054,0.00648,,,
0,,-0.969011858,1.924087504,0.00648,,,
0,,-0.970434783,1.924092954,0.00648,,,
0,,-0.971857707,1.924098403,0.00648,,,
0,,-0.973280632,1.924103853,0.00648,,,
0,,-0.974703557,1.924109302,0.00648,,,
0,,-0.976126482,1.924114752,0.00648,,,
0,,-0.977549407,1.924120201,0.00648,,,
0,,-0.978972332,1.924125651,0.00648,,,
0,,-0.980395257,1.9241311,0.00648,,,
0,,-0.981818182,1.92413655,0.00648,,,
0,,-0.983241107,1.924141999,0.00648,,,
0,,-0.984664032,1.924147449,0.00648,,,
0,,-0.986086957,1.924152898,0.00648,,,
0,,-0.987509881,1.924158348,0.00648,,,
0,,-0.988932806,1.924163797,0.00648,,,
0,,-0.990355731,1.924169247,0.00648,,,
0,,-0.991778656,1.924174696,0.00648,,,
0,,-0.993201581,1.924180146,0.00648,,,
0,,-0.994624506,1.924185595,0.00648,,,
0,,-0.996047431,1.924191045,0.00648,,,
0,,-0.997470356,1.924196494,0.00648,,,
0,,-0.998893281,1.924201943,0.00648,,,
0,,-1.000316205,1.924207393,0.00648,,,
0,,-1.001739131,1.924212842,0.00648,,,
0,,-1.003162055,1.924218292,0.00648,,,
0,,-1.00458498,1.924223741,0.00648,,,
0,,-1.006007905,1.924229191,0.00648,,,
0,,-1.00743083,1.92423464,0.00648,,,
0,,-1.008853755,1.924240089,0.00648,,,
0,,-1.01027668,1.924245539,0.00648,,,
0,,-1.011699605,1.924250988,0.00648,,,
0,,-1.01312253,1.924256437,0.00648,,,
0,,-1.014545454,1.924261887,0.00648,,,
0,,-1.015968379,1.924267336,0.00648,,,
0,,-1.017391305,1.924272786,0.00648,,,
0,,-1.018814229,1.924278235,0.00648,,,
0,,-1.020237154,1.924283684,0.00648,,,
0,,-1.021660079,1.924289134,0.00648,,,
0,,-1.023083004,1.924294583,0.00648,,,
0,,-1.024505929,1.924300032,0.00648,,,
0,,-1.025928854,1.924305482,0.00648,,,
0,,-1.027351779,1.924310931,0.00648,,,
0,,-1.028774704,1.92431638,0.00648,,,
0,,-1.030197628,1.924321829,0.00648,,,
0,,-1.031620553,1.924327279,0.00648,,,
0,,-1.033043478,1.924332728,0.00648,,,
0,,-1.034466403,1.924338177,0.00648,,,
0,,-1.035889328,1.924343627,0.00648,,,
0,,-1.037312253,1.924349076,0.00648,,,
0,,-1.038735178,1.924354525,0.00648,,,
0,,-1.040158103,1.924359974,0.00648,,,
0,,-1.041581028,1.924365424,0.00648,,,
0,,-1.043003953,1.924370873,0.00648,,,
0,,-1.044426878,1.924376322,0.00648,,,
0,,-1.045849802,1.924381771,0.00648,,,
0,,-1.047272727,1.92438722,0.00648,,,
0,,-1.048695652,1.92439267,0.00648,,,
0,,-1.050118577,1.924398119,0.00648,,,
0,,-1.051541502,1.924403568,0.00648,,,
0,,-1.052964427,1.924409017,0.00648,,,
0,,-1.054387352,1.924414466,0.00648,,,
0,,-1.055810277,1.924419916,0.00648,,,
0,,-1.057233201,1.924425365,0.00648,,,
0,,-1.058656126,1.924430814,0.00648,,,
0,,-1.060079052,1.924436263,0.00648,,,
0,,-1.061501976,1.924441712,0.00648,,,
0,,-1.062924901,1.924447161,0.00648,,,
0,,-1.064347826,1.924452611,0.00648,,,
0,,-1.065770751,1.92445806,0.00648,,,
0,,-1.067193676,1.924463509,0.00648,,,
0,,-1.068616601,1.924468958,0.00648,,,
0,,-1.070039526,1.924474407,0.00648,,,
0,,-1.071462451,1.924479856,0.00648,,,
0,,-1.072885375,1.924485305,0.00648,,,
0,,-1.0743083,1.924490754,0.00648,,,
0,,-1.075731225,1.924496204,0.00648,,,
0,,-1.07715415,1.924501653,0.00648,,,
0,,-1.078577075,1.924507102,0.00648,,,
0,,-1.08,1.924512551,0.00648,,,
0,,-1.081422925,1.924518,0.00648,,,
0,,-1.08284585,1.924523449,0.00648,,,
0,,-1.084268775,1.924528898,0.00648,,,
0,,-1.0856917,1.924534347,0.00648,,,
0,,-1.087114625,1.924539796,0.00648,,,
0,,-1.088537549,1.924545245,0.00648,,,
0,,-1.089960474,1.924550694,0.00648,,,
0,,-1.091383399,1.924556143,0.00648,,,
0,,-1.092806324,1.924561592,0.00648,,,
0,,-1.094229249,1.924567041,0.00648,,,
0,,-1.095652174,1.92457249,0.00648,,,
0,,-1.097075099,1.924577939,0.00648,,,
0,,-1.098498024,1.924583388,0.00648,,,
0,,-1.099920948,1.924588837,0.00648,,,
0,,-1.101343874,1.924594286,0.00648,,,
0,,-1.102766799,1.924599735,0.00648,,,
0,,-1.104189723,1.924605184,0.00648,,,
0,,-1.105612648,1.924610633,0.00648,,,
0,,-1.107035573,1.924616082,0.00648,,,
0,,-1.108458498,1.924621531,0.00648,,,
0,,-1.109881423,1.92462698,0.00648,,,
0,,-1.111304348,1.924632429,0.00648,,,
0,,-1.112727273,1.924637878,0.00648,,,
0,,-1.114150198,1.924643327,0.00648,,,
0,,-1.115573122,1.924648776,0.00648,,,
0,,-1.116996047,1.924654225,0.00648,,,
0,,-1.118418972,1.924659673,0.00648,,,
0,,-1.119841897,1.924665122,0.00648,,,
0,,-1.121264822,1.924670571,0.00648,,,
0,,-1.122687747,1.92467602,0.00648,,,
0,,-1.124110672,1.924681469,0.00648,,,
0,,-1.125533597,1.924686918,0.00648,,,
0,,-1.126956522,1.924692367,0.00648,,,
0,,-1.128379447,1.924697816,0.00648,,,
0,,-1.129802372,1.924703264,0.00648,,,
0,,-1.131225296,1.924708713,0.00648,,,
0,,-1.132648221,1.924714162,0.00648,,,
0,,-1.134071146,1.924719611,0.00648,,,
0,,-1.135494071,1.92472506,0.00648,,,
0,,-1.136916996,1.924730509,0.00648,,,
0,,-1.138339921,1.924735957,0.00648,,,
0,,-1.139762846,1.924741406,0.00648,,,
0,,-1.141185771,1.924746855,0.00648,,,
0,,-1.142608695,1.924752304,0.00648,,,
0,,-1.144031621,1.924757753,0.00648,,,
0,,-1.145454546,1.924763201,0.00648,,,
0,,-1.14687747,1.92476865,0.00648,,,
0,,-1.148300395,1.924774099,0.00648,,,
0,,-1.14972332,1.924779548,0.00648,,,
0,,-1.151146245,1.924784997,0.00648,,,
0,,-1.15256917,1.924790445,0.00648,,,
0,,-1.153992095,1.924795894,0.00648,,,
0,,-1.15541502,1.924801343,0.00648,,,
0,,-1.156837945,1.924806792,0.00648,,,
0,,-1.158260869,1.92481224,0.00648,,,
0,,-1.159683795,1.924817689,0.00648,,,
0,,-1.161106719,1.924823138,0.00648,,,
0,,-1.162529644,1.924828586,0.00648,,,
0,,-1.163952569,1.924834035,0.00648,,,
0,,-1.165375494,1.924839484,0.00648,,,
0,,-1.166798419,1.924844932,0.00648,,,
0,,-1.168221344,1.924850381,0.00648,,,
0,,-1.169644269,1.92485583,0.00648,,,
0,,-1.171067194,1.924861279,0.00648,,,
0,,-1.172490119,1.924866727,0.00648,,,
0,,-1.173913043,1.924872176,0.00648,,,
0,,-1.175335968,1.924877625,0.00648,,,
0,,-1.176758893,1.924883073,0.00648,,,
0,,-1.178181818,1.924888522,0.00648,,,
0,,-1.179604743,1.92489397,0.00648,,,
0,,-1.181027668,1.924899419,0.00648,,,
0,,-1.182450593,1.924904868,0.00648,,,
0,,-1.183873518,1.924910316,0.00648,,,
0,,-1.185296443,1.924915765,0.00648,,,
0,,-1.186719368,1.924921214,0.00648,,,
0,,-1.188142293,1.924926662,0.00648,,,
0,,-1.189565217,1.924932111,0.00648,,,
0,,-1.190988142,1.924937559,0.00648,,,
0,,-1.192411067,1.924943008,0.00648,,,
0,,-1.193833992,1.924948456,0.00648,,,
0,,-1.195256917,1.924953905,0.00648,,,
0,,-1.196679842,1.924959354,0.00648,,,
0,,-1.198102767,1.924964802,0.00648,,,
0,,-1.199525692,1.924970251,0.00648,,,
0,,-1.200948616,1.924975699,0.00648,,,
0,,-1.202371542,1.924981148,0.00648,,,
0,,-1.203794466,1.924986596,0.00648,,,
0,,-1.205217391,1.924992045,0.00648,,,
0,,-1.206640316,1.924997493,0.00648,,,
0,,-1.208063241,1.925002942,0.00648,,,
0,,-1.209486166,1.92500839,0.00648,,,
0,,-1.210909091,1.925013839,0.00648,,,
0,,-1.212332016,1.925019287,0.00648,,,
0,,-1.213754941,1.925024736,0.00648,,,
0,,-1.215177866,1.925030184,0.00648,,,
0,,-1.21660079,1.925035633,0.00648,,,
0,,-1.218023715,1.925041081,0.00648,,,
0,,-1.21944664,1.92504653,0.00648,,,
0,,-1.220869565,1.925051978,0.00648,,,
0,,-1.22229249,1.925057427,0.00648,,,
0,,-1.223715415,1.925062875,0.00648,,,
0,,-1.22513834,1.925068323,0.00648,,,
0,,-1.226561265,1.925073772,0.00648,,,
0,,-1.22798419,1.92507922,0.00648,,,
0,,-1.229407115,1.925084669,0.00648,,,
0,,-1.23083004,1.925090117,0.00648,,,
0,,-1.232252964,1.925095565,0.00648,,,
0,,-1.233675889,1.925101014,0.00648,,,
0,,-1.235098814,1.925106462,0.00648,,,
0,,-1.236521739,1.925111911,0.00648,,,
0,,-1.237944664,1.925117359,0.00648,,,
0,,-1.239367589,1.925122807,0.00648,,,
0,,-1.240790514,1.925128256,0.00648,,,
0,,-1.242213439,1.925133704,0.00648,,,
0,,-1.243636364,1.925139152,0.00648,,,
0,,-1.245059289,1.925144601,0.00648,,,
0,,-1.246482213,1.925150049,0.00648,,,
0,,-1.247905138,1.925155497,0.00648,,,
0,,-1.249328063,1.925160946,0.00648,,,
0,,-1.250750988,1.925166394,0.00648,,,
0,,-1.252173913,1.925171842,0.00648,,,
0,,-1.253596838,1.925177291,0.00648,,,
0,,-1.255019763,1.925182739,0.00648,,,
0,,-1.256442688,1.925188187,0.00648,,,
0,,-1.257865613,1.925193636,0.00648,,,
0,,-1.259288537,1.925199084,0.00648,,,
0,,-1.260711463,1.925204532,0.00648,,,
0,,-1.262134387,1.92520998,0.00648,,,
0,,-1.263557312,1.925215429,0.00648,,,
0,,-1.264980237,1.925220877,0.00648,,,
0,,-1.266403162,1.925226325,0.00648,,,
0,,-1.267826087,1.925231773,0.00648,,,
0,,-1.269249012,1.925237222,0.00648,,,
0,,-1.270671937,1.92524267,0.00648,,,
0,,-1.272094862,1.925248118,0.00648,,,
0,,-1.273517787,1.925253566,0.00648,,,
0,,-1.274940711,1.925259015,0.00648,,,
0,,-1.276363636,1.925264463,0.00648,,,
0,,-1.277786561,1.925269911,0.00648,,,
0,,-1.279209486,1.925275359,0.00648,,,
0,,-1.280632411,1.925280807,0.00648,,,
0,,-1.282055336,1.925286256,0.00648,,,
0,,-1.283478261,1.925291704,0.00648,,,
0,,-1.284901186,1.925297152,0.00648,,,
0,,-1.286324111,1.9253026,0.00648,,,
0,,-1.287747036,1.925308048,0.00648,,,
0,,-1.28916996,1.925313496,0.00648,,,
0,,-1.290592885,1.925318945,0.00648,,,
0,,-1.29201581,1.925324393,0.00648,,,
0,,-1.293438735,1.925329841,0.00648,,,
0,,-1.29486166,1.925335289,0.00648,,,
0,,-1.296284585,1.925340737,0.00648,,,
0,,-1.29770751,1.925346185,0.00648,,,
0,,-1.299130435,1.925351633,0.00648,,,
0,,-1.30055336,1.925357081,0.00648,,,
0,,-1.301976285,1.925362529,0.00648,,,
0,,-1.30339921,1.925367978,0.00648,,,
0,,-1.304822134,1.925373426,0.00648,,,
0,,-1.306245059,1.925378874,0.00648,,,
0,,-1.307667984,1.925384322,0.00648,,,
0,,-1.309090909,1.92538977,0.00648,,,
0,,-1.310513834,1.925395218,0.00648,,,
0,,-1.311936759,1.925400666,0.00648,,,
0,,-1.313359684,1.925406114,0.00648,,,
0,,-1.314782609,1.925411562,0.00648,,,
0,,-1.316205534,1.92541701,0.00648,,,
0,,-1.317628458,1.925422458,0.00648,,,
0,,-1.319051384,1.925427906,0.00648,,,
0,,-1.320474308,1.925433354,0.00648,,,
0,,-1.321897233,1.925438802,0.00648,,,
0,,-1.323320158,1.92544425,0.00648,,,
0,,-1.324743083,1.925449698,0.00648,,,
0,,-1.326166008,1.925455146,0.00648,,,
0,,-1.327588933,1.925460594,0.00648,,,
0,,-1.329011858,1.925466042,0.00648,,,
0,,-1.330434783,1.92547149,0.00648,,,
0,,-1.331857707,1.925476938,0.00648,,,
0,,-1.333280632,1.925482386,0.00648,,,
0,,-1.334703557,1.925487834,0.00648,,,
0,,-1.336126482,1.925493282,0.00648,,,
0,,-1.337549407,1.92549873,0.00648,,,
0,,-1.338972332,1.925504178,0.00648,,,
0,,-1.340395257,1.925509626,0.00648,,,
0,,-1.341818182,1.925515073,0.00648,,,
0,,-1.343241107,1.925520521,0.00648,,,
0,,-1.344664032,1.925525969,0.00648,,,
0,,-1.346086957,1.925531417,0.00648,,,
0,,-1.347509881,1.925536865,0.00648,,,
0,,-1.348932806,1.925542313,0.00648,,,
0,,-1.350355731,1.925547761,0.00648,,,
0,,-1.351778656,1.925553209,0.00648,,,
0,,-1.353201581,1.925558657,0.00648,,,
0,,-1.354624506,1.925564104,0.00648,,,
0,,-1.356047431,1.925569552,0.00648,,,
0,,-1.357470356,1.925575,0.00648,,,
0,,-1.358893281,1.925580448,0.00648,,,
0,,-1.360316205,1.925585896,0.00648,,,
0,,-1.361739131,1.925591344,0.00648,,,
0,,-1.363162055,1.925596791,0.00648,,,
0,,-1.36458498,1.925602239,0.00648,,,
0,,-1.366007905,1.925607687,0.00648,,,
0,,-1.36743083,1.925613135,0.00648,,,
0,,-1.368853755,1.925618583,0.00648,,,
0,,-1.37027668,1.92562403,0.00648,,,
0,,-1.371699605,1.925629478,0.00648,,,
0,,-1.37312253,1.925634926,0.00648,,,
0,,-1.374545454,1.925640374,0.00648,,,
0,,-1.375968379,1.925645822,0.00648,,,
0,,-1.377391305,1.925651269,0.00648,,,
0,,-1.378814229,1.925656717,0.00648,,,
0,,-1.380237154,1.925662165,0.00648,,,
0,,-1.381660079,1.925667613,0.00648,,,
0,,-1.383083004,1.92567306,0.00648,,,
0,,-1.384505929,1.925678508,0.00648,,,
0,,-1.385928854,1.925683956,0.00648,,,
0,,-1.387351779,1.925689403,0.00648,,,
0,,-1.388774704,1.925694851,0.00648,,,
0,,-1.390197628,1.925700299,0.00648,,,
0,,-1.391620553,1.925705747,0.00648,,,
0,,-1.393043478,1.925711194,0.00648,,,
0,,-1.394466403,1.925716642,0.00648,,,
0,,-1.395889328,1.92572209,0.00648,,,
0,,-1.397312253,1.925727537,0.00648,,,
0,,-1.398735178,1.925732985,0.00648,,,
0,,-1.400158103,1.925738433,0.00648,,,
0,,-1.401581028,1.92574388,0.00648,,,
0,,-1.403003953,1.925749328,0.00648,,,
0,,-1.404426878,1.925754776,0.00648,,,
0,,-1.405849802,1.925760223,0.00648,,,
0,,-1.407272727,1.925765671,0.00648,,,
0,,-1.408695652,1.925771118,0.00648,,,
0,,-1.410118577,1.925776566,0.00648,,,
0,,-1.411541502,1.925782014,0.00648,,,
0,,-1.412964427,1.925787461,0.00648,,,
0,,-1.414387352,1.925792909,0.00648,,,
0,,-1.415810277,1.925798356,0.00648,,,
0,,-1.417233201,1.925803804,0.00648,,,
0,,-1.418656126,1.925809252,0.00648,,,
0,,-1.420079052,1.925814699,0.00648,,,
0,,-1.421501976,1.925820147,0.00648,,,
0,,-1.422924901,1.925825594,0.00648,,,
0,,-1.424347826,1.925831042,0.00648,,,
0,,-1.425770751,1.925836489,0.00648,,,
0,,-1.427193676,1.925841937,0.00648,,,
0,,-1.428616601,1.925847384,0.00648,,,
0,,-1.430039526,1.925852832,0.00648,,,
0,,-1.431462451,1.92585828,0.00648,,,
0,,-1.432885375,1.925863727,0.00648,,,
0,,-1.4343083,1.925869175,0.00648,,,
0,,-1.435731225,1.925874622,0.00648,,,
0,,-1.43715415,1.92588007,0.00648,,,
0,,-1.438577075,1.925885517,0.00648,,,
0,,-1.44,1.925890964,0.00648,,,
0,,-1.441422925,1.925896412,0.00648,,,
0,,-1.44284585,1.925901859,0.00648,,,
0,,-1.444268775,1.925907307,0.00648,,,
0,,-1.4456917,1.925912754,0.00648,,,
0,,-1.447114625,1.925918202,0.00648,,,
0,,-1.448537549,1.925923649,0.00648,,,
0,,-1.449960474,1.925929097,0.00648,,,
0,,-1.451383399,1.925934544,0.00648,,,
0,,-1.452806324,1.925939992,0.00648,,,
0,,-1.454229249,1.925945439,0.00648,,,
0,,-1.455652174,1.925950886,0.00648,,,
0,,-1.457075099,1.925956334,0.00648,,,
0,,-1.458498024,1.925961781,0.00648,,,
0,,-1.459920948,1.925967229,0.00648,,,
0,,-1.461343874,1.925972676,0.00648,,,
0,,-1.462766799,1.925978123,0.00648,,,
0,,-1.464189723,1.925983571,0.00648,,,
0,,-1.465612648,1.925989018,0.00648,,,
0,,-1.467035573,1.925994465,0.00648,,,
0,,-1.468458498,1.925999913,0.00648,,,
0,,-1.469881423,1.92600536,0.00648,,,
0,,-1.471304348,1.926010808,0.00648,,,
0,,-1.472727273,1.926016255,0.00648,,,
0,,-1.474150198,1.926021702,0.00648,,,
0,,-1.475573122,1.92602715,0.00648,,,
0,,-1.476996047,1.926032597,0.00648,,,
0,,-1.478418972,1.926038044,0.00648,,,
0,,-1.479841897,1.926043491,0.00648,,,
0,,-1.481264822,1.926048939,0.00648,,,
0,,-1.482687747,1.926054386,0.00648,,,
0,,-1.484110672,1.926059833,0.00648,,,
0,,-1.485533597,1.926065281,0.00648,,,
0,,-1.486956522,1.926070728,0.00648,,,
0,,-1.488379447,1.926076175,0.00648,,,
0,,-1.489802372,1.926081622,0.00648,,,
0,,-1.491225296,1.92608707,0.00648,,,
0,,-1.492648221,1.926092517,0.00648,,,
0,,-1.494071146,1.926097964,0.00648,,,
0,,-1.495494071,1.926103411,0.00648,,,
0,,-1.496916996,1.926108859,0.00648,,,
0,,-1.498339921,1.926114306,0.00648,,,
0,,-1.499762846,1.926119753,0.00648,,,
0,,-1.501185771,1.9261252,0.00648,,,
0,,-1.502608695,1.926130647,0.00648,,,
0,,-1.504031621,1.926136095,0.00648,,,
0,,-1.505454546,1.926141542,0.00648,,,
0,,-1.50687747,1.926146989,0.00648,,,
0,,-1.508300395,1.926152436,0.00648,,,
0,,-1.50972332,1.926157883,0.00648,,,
0,,-1.511146245,1.926163331,0.00648,,,
0,,-1.51256917,1.926168778,0.00648,,,
0,,-1.513992095,1.926174225,0.00648,,,
0,,-1.51541502,1.926179672,0.00648,,,
0,,-1.516837945,1.926185119,0.00648,,,
0,,-1.518260869,1.926190566,0.00648,,,
0,,-1.519683795,1.926196013,0.00648,,,
0,,-1.521106719,1.926201461,0.00648,,,
0,,-1.522529644,1.926206908,0.00648,,,
0,,-1.523952569,1.926212355,0.00648,,,
0,,-1.525375494,1.926217802,0.00648,,,
0,,-1.526798419,1.926223249,0.00648,,,
0,,-1.528221344,1.926228696,0.00648,,,
0,,-1.529644269,1.926234143,0.00648,,,
0,,-1.531067194,1.92623959,0.00648,,,
0,,-1.532490119,1.926245037,0.00648,,,
0,,-1.533913043,1.926250484,0.00648,,,
0,,-1.535335968,1.926255931,0.00648,,,
0,,-1.536758893,1.926261379,0.00648,,,
0,,-1.538181818,1.926266826,0.00648,,,
0,,-1.539604743,1.926272273,0.00648,,,
0,,-1.541027668,1.92627772,0.00648,,,
0,,-1.542450593,1.926283167,0.00648,,,
0,,-1.543873518,1.926288614,0.00648,,,
0,,-1.545296443,1.926294061,0.00648,,,
0,,-1.546719368,1.926299508,0.00648,,,
0,,-1.548142293,1.926304955,0.00648,,,
0,,-1.549565217,1.926310402,0.00648,,,
0,,-1.550988142,1.926315849,0.00648,,,
0,,-1.552411067,1.926321296,0.00648,,,
0,,-1.553833992,1.926326743,0.00648,,,
0,,-1.555256917,1.92633219,0.00648,,,
0,,-1.556679842,1.926337637,0.00648,,,
0,,-1.558102767,1.926343084,0.00648,,,
0,,-1.559525692,1.926348531,0.00648,,,
0,,-1.560948616,1.926353977,0.00648,,,
0,,-1.562371542,1.926359424,0.00648,,,
0,,-1.563794466,1.926364871,0.00648,,,
0,,-1.565217391,1.926370318,0.00648,,,
0,,-1.566640316,1.926375765,0.00648,,,
0,,-1.568063241,1.926381212,0.00648,,,
0,,-1.569486166,1.926386659,0.00648,,,
0,,-1.570909091,1.926392106,0.00648,,,
0,,-1.572332016,1.926397553,0.00648,,,
0,,-1.573754941,1.926403,0.00648,,,
0,,-1.575177866,1.926408447,0.00648,,,
0,,-1.57660079,1.926413893,0.00648,,,
0,,-1.578023715,1.92641934,0.00648,,,
0,,-1.57944664,1.926424787,0.00648,,,
0,,-1.580869565,1.926430234,0.00648,,,
0,,-1.58229249,1.926435681,0.00648,,,
0,,-1.583715415,1.926441128,0.00648,,,
0,,-1.58513834,1.926446575,0.00648,,,
0,,-1.586561265,1.926452021,0.00648,,,
0,,-1.58798419,1.926457468,0.00648,,,
0,,-1.589407115,1.926462915,0.00648,,,
0,,-1.59083004,1.926468362,0.00648,,,
0,,-1.592252964,1.926473809,0.00648,,,
0,,-1.593675889,1.926479256,0.00648,,,
0,,-1.595098814,1.926484702,0.00648,,,
0,,-1.596521739,1.926490149,0.00648,,,
0,,-1.597944664,1.926495596,0.00648,,,
0,,-1.599367589,1.926501043,0.00648,,,
0,,-1.600790514,1.926506489,0.00648,,,
0,,-1.602213439,1.926511936,0.00648,,,
0,,-1.603636364,1.926517383,0.00648,,,
0,,-1.605059289,1.92652283,0.00648,,,
0,,-1.606482213,1.926528276,0.00648,,,
0,,-1.607905138,1.926533723,0.00648,,,
0,,-1.609328063,1.92653917,0.00648,,,
0,,-1.610750988,1.926544617,0.00648,,,
0,,-1.612173913,1.926550063,0.00648,,,
0,,-1.613596838,1.92655551,0.00648,,,
0,,-1.615019763,1.926560957,0.00648,,,
0,,-1.616442688,1.926566404,0.00648,,,
0,,-1.617865613,1.92657185,0.00648,,,
0,,-1.619288537,1.926577297,0.00648,,,
0,,-1.620711463,1.926582744,0.00648,,,
0,,-1.622134387,1.92658819,0.00648,,,
0,,-1.623557312,1.926593637,0.00648,,,
0,,-1.624980237,1.926599084,0.00648,,,
0,,-1.626403162,1.92660453,0.00648,,,
0,,-1.627826087,1.926609977,0.00648,,,
0,,-1.629249012,1.926615424,0.00648,,,
0,,-1.630671937,1.92662087,0.00648,,,
0,,-1.632094862,1.926626317,0.00648,,,
0,,-1.633517787,1.926631763,0.00648,,,
0,,-1.634940711,1.92663721,0.00648,,,
0,,-1.636363636,1.926642657,0.00648,,,
0,,-1.637786561,1.926648103,0.00648,,,
0,,-1.639209486,1.92665355,0.00648,,,
0,,-1.640632411,1.926658996,0.00648,,,
0,,-1.642055336,1.926664443,0.00648,,,
0,,-1.643478261,1.92666989,0.00648,,,
0,,-1.644901186,1.926675336,0.00648,,,
0,,-1.646324111,1.926680783,0.00648,,,
0,,-1.647747036,1.926686229,0.00648,,,
0,,-1.64916996,1.926691676,0.00648,,,
0,,-1.650592885,1.926697122,0.00648,,,
0,,-1.65201581,1.926702569,0.00648,,,
0,,-1.653438735,1.926708016,0.00648,,,
0,,-1.65486166,1.926713462,0.00648,,,
0,,-1.656284585,1.926718909,0.00648,,,
0,,-1.65770751,1.926724355,0.00648,,,
0,,-1.659130435,1.926729802,0.00648,,,
0,,-1.66055336,1.926735248,0.00648,,,
0,,-1.661976285,1.926740695,0.00648,,,
0,,-1.66339921,1.926746141,0.00648,,,
0,,-1.664822134,1.926751588,0.00648,,,
0,,-1.666245059,1.926757034,0.00648,,,
0,,-1.667667984,1.926762481,0.00648,,,
0,,-1.669090909,1.926767927,0.00648,,,
0,,-1.670513834,1.926773374,0.00648,,,
0,,-1.671936759,1.92677882,0.00648,,,
0,,-1.673359684,1.926784266,0.00648,,,
0,,-1.674782609,1.926789713,0.00648,,,
0,,-1.676205534,1.926795159,0.00648,,,
0,,-1.677628458,1.926800606,0.00648,,,
0,,-1.679051384,1.926806052,0.00648,,,
0,,-1.680474308,1.926811499,0.00648,,,
0,,-1.681897233,1.926816945,0.00648,,,
0,,-1.683320158,1.926822391,0.00648,,,
0,,-1.684743083,1.926827838,0.00648,,,
0,,-1.686166008,1.926833284,0.00648,,,
0,,-1.687588933,1.926838731,0.00648,,,
0,,-1.689011858,1.926844177,0.00648,,,
0,,-1.690434783,1.926849623,0.00648,,,
0,,-1.691857707,1.92685507,0.00648,,,
0,,-1.693280632,1.926860516,0.00648,,,
0,,-1.694703557,1.926865962,0.00648,,,
0,,-1.696126482,1.926871409,0.00648,,,
0,,-1.697549407,1.926876855,0.00648,,,
0,,-1.698972332,1.926882301,0.00648,,,
0,,-1.700395257,1.926887748,0.00648,,,
0,,-1.701818182,1.926893194,0.00648,,,
0,,-1.703241107,1.92689864,0.00648,,,
0,,-1.704664032,1.926904087,0.00648,,,
0,,-1.706086957,1.926909533,0.00648,,,
0,,-1.707509881,1.926914979,0.00648,,,
0,,-1.708932806,1.926920426,0.00648,,,
0,,-1.710355731,1.926925872,0.00648,,,
0,,-1.711778656,1.926931318,0.00648,,,
0,,-1.713201581,1.926936764,0.00648,,,
0,,-1.714624506,1.926942211,0.00648,,,
0,,-1.716047431,1.926947657,0.00648,,,
0,,-1.717470356,1.926953103,0.00648,,,
0,,-1.718893281,1.92695855,0.00648,,,
0,,-1.720316205,1.926963996,0.00648,,,
0,,-1.721739131,1.926969442,0.00648,,,
0,,-1.723162055,1.926974888,0.00648,,,
0,,-1.72458498,1.926980334,0.00648,,,
0,,-1.726007905,1.926985781,0.00648,,,
0,,-1.72743083,1.926991227,0.00648,,,
0,,-1.728853755,1.926996673,0.00648,,,
0,,-1.73027668,1.927002119,0.00648,,,
0,,-1.731699605,1.927007565,0.00648,,,
0,,-1.73312253,1.927013012,0.00648,,,
0,,-1.734545454,1.927018458,0.00648,,,
0,,-1.735968379,1.927023904,0.00648,,,
0,,-1.737391305,1.92702935,0.00648,,,
0,,-1.738814229,1.927034796,0.00648,,,
0,,-1.740237154,1.927040243,0.00648,,,
0,,-1.741660079,1.927045689,0.00648,,,
0,,-1.743083004,1.927051135,0.00648,,,
0,,-1.744505929,1.927056581,0.00648,,,
0,,-1.745928854,1.927062027,0.00648,,,
0,,-1.747351779,1.927067473,0.00648,,,
0,,-1.748774704,1.927072919,0.00648,,,
0,,-1.750197628,1.927078365,0.00648,,,
0,,-1.751620553,1.927083812,0.00648,,,
0,,-1.753043478,1.927089258,0.00648,,,
0,,-1.754466403,1.927094704,0.00648,,,
0,,-1.755889328,1.92710015,0.00648,,,
0,,-1.757312253,1.927105596,0.00648,,,
0,,-1.758735178,1.927111042,0.00648,,,
0,,-1.760158103,1.927116488,0.00648,,,
0,,-1.761581028,1.927121934,0.00648,,,
0,,-1.763003953,1.92712738,0.00648,,,
0,,-1.764426878,1.927132826,0.00648,,,
0,,-1.765849802,1.927138272,0.00648,,,
0,,-1.767272727,1.927143718,0.00648,,,
0,,-1.768695652,1.927149164,0.00648,,,
0,,-1.770118577,1.92715461,0.00648,,,
0,,-1.771541502,1.927160056,0.00648,,,
0,,-1.772964427,1.927165502,0.00648,,,
0,,-1.774387352,1.927170948,0.00648,,,
0,,-1.775810277,1.927176394,0.00648,,,
0,,-1.777233201,1.92718184,0.00648,,,
0,,-1.778656126,1.927187286,0.00648,,,
0,,-1.780079052,1.927192732,0.00648,,,
0,,-1.781501976,1.927198178,0.00648,,,
0,,-1.782924901,1.927203624,0.00648,,,
0,,-1.784347826,1.92720907,0.00648,,,
0,,-1.785770751,1.927214516,0.00648,,,
0,,-1.787193676,1.927219962,0.00648,,,
0,,-1.788616601,1.927225408,0.00648,,,
0,,-1.790039526,1.927230854,0.00648,,,
0,,-1.791462451,1.9272363,0.00648,,,
0,,-1.792885375,1.927241746,0.00648,,,
0,,-1.7943083,1.927247192,0.00648,,,
0,,-1.795731225,1.927252638,0.00648,,,
0,,-1.79715415,1.927258084,0.00648,,,
0,,-1.798577075,1.927263529,0.00648,,,
0,,-1.8,1.927268975,0.00648,,,
0,,-1.801422925,1.927274421,0.00648,,,
0,,-1.80284585,1.927279867,0.00648,,,
0,,-1.804268775,1.927285313,0.00648,,,
0,,-1.8056917,1.927290759,0.00648,,,
0,,-1.807114625,1.927296205,0.00648,,,
0,,-1.808537549,1.927301651,0.00648,,,
0,,-1.809960474,1.927307096,0.00648,,,
0,,-1.811383399,1.927312542,0.00648,,,
0,,-1.812806324,1.927317988,0.00648,,,
0,,-1.814229249,1.927323434,0.00648,,,
0,,-1.815652174,1.92732888,0.00648,,,
0,,-1.817075099,1.927334326,0.00648,,,
0,,-1.818498024,1.927339771,0.00648,,,
0,,-1.819920948,1.927345217,0.00648,,,
0,,-1.821343874,1.927350663,0.00648,,,
0,,-1.822766799,1.927356109,0.00648,,,
0,,-1.824189723,1.927361555,0.00648,,,
0,,-1.825612648,1.927367,0.00648,,,
0,,-1.827035573,1.927372446,0.00648,,,
0,,-1.828458498,1.927377892,0.00648,,,
0,,-1.829881423,1.927383338,0.00648,,,
0,,-1.831304348,1.927388783,0.00648,,,
0,,-1.832727273,1.927394229,0.00648,,,
0,,-1.834150198,1.927399675,0.00648,,,
0,,-1.835573122,1.927405121,0.00648,,,
0,,-1.836996047,1.927410566,0.00648,,,
0,,-1.838418972,1.927416012,0.00648,,,
0,,-1.839841897,1.927421458,0.00648,,,
0,,-1.841264822,1.927426903,0.00648,,,
0,,-1.842687747,1.927432349,0.00648,,,
0,,-1.844110672,1.927437795,0.00648,,,
0,,-1.845533597,1.927443241,0.00648,,,
0,,-1.846956522,1.927448686,0.00648,,,
0,,-1.848379447,1.927454132,0.00648,,,
0,,-1.849802372,1.927459578,0.00648,,,
0,,-1.851225296,1.927465023,0.00648,,,
0,,-1.852648221,1.927470469,0.00648,,,
0,,-1.854071146,1.927475915,0.00648,,,
0,,-1.855494071,1.92748136,0.00648,,,
0,,-1.856916996,1.927486806,0.00648,,,
0,,-1.858339921,1.927492251,0.00648,,,
0,,-1.859762846,1.927497697,0.00648,,,
0,,-1.861185771,1.927503143,0.00648,,,
0,,-1.862608695,1.927508588,0.00648,,,
0,,-1.864031621,1.927514034,0.00648,,,
0,,-1.865454546,1.92751948,0.00648,,,
0,,-1.86687747,1.927524925,0.00648,,,
0,,-1.868300395,1.927530371,0.00648,,,
0,,-1.86972332,1.927535816,0.00648,,,
0,,-1.871146245,1.927541262,0.00648,,,
0,,-1.87256917,1.927546707,0.00648,,,
0,,-1.873992095,1.927552153,0.00648,,,
0,,-1.87541502,1.927557599,0.00648,,,
0,,-1.876837945,1.927563044,0.00648,,,
0,,-1.878260869,1.92756849,0.00648,,,
0,,-1.879683795,1.927573935,0.00648,,,
0,,-1.881106719,1.927579381,0.00648,,,
0,,-1.882529644,1.927584826,0.00648,,,
0,,-1.883952569,1.927590272,0.00648,,,
0,,-1.885375494,1.927595717,0.00648,,,
0,,-1.886798419,1.927601163,0.00648,,,
0,,-1.888221344,1.927606608,0.00648,,,
0,,-1.889644269,1.927612054,0.00648,,,
0,,-1.891067194,1.927617499,0.00648,,,
0,,-1.892490119,1.927622945,0.00648,,,
0,,-1.893913043,1.92762839,0.00648,,,
0,,-1.895335968,1.927633836,0.00648,,,
0,,-1.896758893,1.927639281,0.00648,,,
0,,-1.898181818,1.927644727,0.00648,,,
0,,-1.899604743,1.927650172,0.00648,,,
0,,-1.901027668,1.927655618,0.00648,,,
0,,-1.902450593,1.927661063,0.00648,,,
0,,-1.903873518,1.927666508,0.00648,,,
0,,-1.905296443,1.927671954,0.00648,,,
0,,-1.906719368,1.927677399,0.00648,,,
0,,-1.908142293,1.927682845,0.00648,,,
0,,-1.909565217,1.92768829,0.00648,,,
0,,-1.910988142,1.927693735,0.00648,,,
0,,-1.912411067,1.927699181,0.00648,,,
0,,-1.913833992,1.927704626,0.00648,,,
0,,-1.915256917,1.927710072,0.00648,,,
0,,-1.916679842,1.927715517,0.00648,,,
0,,-1.918102767,1.927720962,0.00648,,,
0,,-1.919525692,1.927726408,0.00648,,,
0,,-1.920948616,1.927731853,0.00648,,,
0,,-1.922371542,1.927737298,0.00648,,,
0,,-1.923794466,1.927742744,0.00648,,,
0,,-1.925217391,1.927748189,0.00648,,,
0,,-1.926640316,1.927753634,0.00648,,,
0,,-1.928063241,1.92775908,0.00648,,,
0,,-1.929486166,1.927764525,0.00648,,,
0,,-1.930909091,1.92776997,0.00648,,,
0,,-1.932332016,1.927775416,0.00648,,,
0,,-1.933754941,1.927780861,0.00648,,,
0,,-1.935177866,1.927786306,0.00648,,,
0,,-1.93660079,1.927791752,0.00648,,,
0,,-1.938023715,1.927797197,0.00648,,,
0,,-1.93944664,1.927802642,0.00648,,,
0,,-1.940869565,1.927808087,0.00648,,,
0,,-1.94229249,1.927813533,0.00648,,,
0,,-1.943715415,1.927818978,0.00648,,,
0,,-1.94513834,1.927824423,0.00648,,,
0,,-1.946561265,1.927829868,0.00648,,,
0,,-1.94798419,1.927835314,0.00648,,,
0,,-1.949407115,1.927840759,0.00648,,,
0,,-1.95083004,1.927846204,0.00648,,,
0,,-1.952252964,1.927851649,0.00648,,,
0,,-1.953675889,1.927857095,0.00648,,,
0,,-1.955098814,1.92786254,0.00648,,,
0,,-1.956521739,1.927867985,0.00648,,,
0,,-1.957944664,1.92787343,0.00648,,,
0,,-1.959367589,1.927878875,0.00648,,,
0,,-1.960790514,1.927884321,0.00648,,,
0,,-1.962213439,1.927889766,0.00648,,,
0,,-1.963636364,1.927895211,0.00648,,,
0,,-1.965059289,1.927900656,0.00648,,,
0,,-1.966482213,1.927906101,0.00648,,,
0,,-1.967905138,1.927911546,0.00648,,,
0,,-1.969328063,1.927916991,0.00648,,,
0,,-1.970750988,1.927922437,0.00648,,,
0,,-1.972173913,1.927927882,0.00648,,,
0,,-1.973596838,1.927933327,0.00648,,,
0,,-1.975019763,1.927938772,0.00648,,,
0,,-1.976442688,1.927944217,0.00648,,,
0,,-1.977865613,1.927949662,0.00648,,,
0,,-1.979288537,1.927955107,0.00648,,,
0,,-1.980711463,1.927960552,0.00648,,,
0,,-1.982134387,1.927965997,0.00648,,,
0,,-1.983557312,1.927971443,0.00648,,,
0,,-1.984980237,1.927976888,0.00648,,,
0,,-1.986403162,1.927982333,0.00648,,,
0,,-1.987826087,1.927987778,0.00648,,,
0,,-1.989249012,1.927993223,0.00648,,,
0,,-1.990671937,1.927998668,0.00648,,,
0,,-1.992094862,1.928004113,0.00648,,,
0,,-1.993517787,1.928009558,0.00648,,,
0,,-1.994940711,1.928015003,0.00648,,,
0,,-1.996363636,1.928020448,0.00648,,,
0,,-1.997786561,1.928025893,0.00648,,,
0,,-1.999209486,1.928031338,0.00648,,,
0,,-2.000632411,1.928036783,0.00648,,,
0,,-2.002055336,1.928042228,0.00648,,,
0,,-2.003478261,1.928047673,0.00648,,,
0,,-2.004901186,1.928053118,0.00648,,,
0,,-2.006324111,1.928058563,0.00648,,,
0,,-2.007747036,1.928064008,0.00648,,,
0,,-2.00916996,1.928069453,0.00648,,,
0,,-2.010592885,1.928074898,0.00648,,,
0,,-2.01201581,1.928080343,0.00648,,,
0,,-2.013438735,1.928085788,0.00648,,,
0,,-2.01486166,1.928091233,0.00648,,,
0,,-2.016284585,1.928096678,0.00648,,,
0,,-2.01770751,1.928102123,0.00648,,,
0,,-2.019130435,1.928107568,0.00648,,,
0,,-2.02055336,1.928113012,0.00648,,,
0,,-2.021976285,1.928118457,0.00648,,,
0,,-2.02339921,1.928123902,0.00648,,,
0,,-2.024822134,1.928129347,0.00648,,,
0,,-2.026245059,1.928134792,0.00648,,,
0,,-2.027667984,1.928140237,0.00648,,,
0,,-2.029090909,1.928145682,0.00648,,,
0,,-2.030513834,1.928151127,0.00648,,,
0,,-2.031936759,1.928156572,0.00648,,,
0,,-2.033359684,1.928162016,0.00648,,,
0,,-2.034782609,1.928167461,0.00648,,,
0,,-2.036205534,1.928172906,0.00648,,,
0,,-2.037628458,1.928178351,0.00648,,,
0,,-2.039051384,1.928183796,0.00648,,,
0,,-2.040474308,1.928189241,0.00648,,,
0,,-2.041897233,1.928194685,0.00648,,,
0,,-2.043320158,1.92820013,0.00648,,,
0,,-2.044743083,1.928205575,0.00648,,,
0,,-2.046166008,1.92821102,0.00648,,,
0,,-2.047588933,1.928216465,0.00648,,,
0,,-2.049011858,1.928221909,0.00648,,,
0,,-2.050434783,1.928227354,0.00648,,,
0,,-2.051857707,1.928232799,0.00648,,,
0,,-2.053280632,1.928238244,0.00648,,,
0,,-2.054703557,1.928243689,0.00648,,,
0,,-2.056126482,1.928249133,0.00648,,,
0,,-2.057549407,1.928254578,0.00648,,,
0,,-2.058972332,1.928260023,0.00648,,,
0,,-2.060395257,1.928265468,0.00648,,,
0,,-2.061818182,1.928270912,0.00648,,,
0,,-2.063241107,1.928276357,0.00648,,,
0,,-2.064664032,1.928281802,0.00648,,,
0,,-2.066086957,1.928287246,0.00648,,,
0,,-2.067509881,1.928292691,0.00648,,,
0,,-2.068932806,1.928298136,0.00648,,,
0,,-2.070355731,1.928303581,0.00648,,,
0,,-2.071778656,1.928309025,0.00648,,,
0,,-2.073201581,1.92831447,0.00648,,,
0,,-2.074624506,1.928319915,0.00648,,,
0,,-2.076047431,1.928325359,0.00648,,,
0,,-2.077470356,1.928330804,0.00648,,,
0,,-2.078893281,1.928336249,0.00648,,,
0,,-2.080316205,1.928341693,0.00648,,,
0,,-2.081739131,1.928347138,0.00648,,,
0,,-2.083162055,1.928352583,0.00648,,,
0,,-2.08458498,1.928358027,0.00648,,,
0,,-2.086007905,1.928363472,0.00648,,,
0,,-2.08743083,1.928368916,0.00648,,,
0,,-2.088853755,1.928374361,0.00648,,,
0,,-2.09027668,1.928379806,0.00648,,,
0,,-2.091699605,1.92838525,0.00648,,,
0,,-2.09312253,1.928390695,0.00648,,,
0,,-2.094545454,1.928396139,0.00648,,,
0,,-2.095968379,1.928401584,0.00648,,,
0,,-2.097391305,1.928407029,0.00648,,,
0,,-2.098814229,1.928412473,0.00648,,,
0,,-2.100237154,1.928417918,0.00648,,,
0,,-2.101660079,1.928423362,0.00648,,,
0,,-2.103083004,1.928428807,0.00648,,,
0,,-2.104505929,1.928434251,0.00648,,,
0,,-2.105928854,1.928439696,0.00648,,,
0,,-2.107351779,1.928445141,0.00648,,,
0,,-2.108774704,1.928450585,0.00648,,,
0,,-2.110197628,1.92845603,0.00648,,,
0,,-2.111620553,1.928461474,0.00648,,,
0,,-2.113043478,1.928466919,0.00648,,,
0,,-2.114466403,1.928472363,0.00648,,,
0,,-2.115889328,1.928477808,0.00648,,,
0,,-2.117312253,1.928483252,0.00648,,,
0,,-2.118735178,1.928488697,0.00648,,,
0,,-2.120158103,1.928494141,0.00648,,,
0,,-2.121581028,1.928499585,0.00648,,,
0,,-2.123003953,1.92850503,0.00648,,,
0,,-2.124426878,1.928510474,0.00648,,,
0,,-2.125849802,1.928515919,0.00648,,,
0,,-2.127272727,1.928521363,0.00648,,,
0,,-2.128695652,1.928526808,0.00648,,,
0,,-2.130118577,1.928532252,0.00648,,,
0,,-2.131541502,1.928537697,0.00648,,,
0,,-2.132964427,1.928543141,0.00648,,,
0,,-2.134387352,1.928548585,0.00648,,,
