,z,qc,fs,Rf,u2,incl_x,incl_y,incl,pen,time
0,-2.105,0.48,0.001,0.2,-0.004,,,0.0,1.005,110.1
1,-2.125,0.44,0.001,0.2,-0.004,,,0.0,1.025,110.9
2,-2.145,0.41,0.001,0.2,-0.004,,,0.0,1.045,111.8
3,-2.165,0.41,0.002,0.3,-0.004,,,0.0,1.065,112.7
4,-2.185,0.43,0.005,0.7,-0.004,,,0.0,1.085,113.6
5,-2.205,0.49,0.007,0.7,-0.004,,,0.0,1.105,114.4
6,-2.225,0.6,0.008,0.5,-0.003,,,0.0,1.125,115.3
7,-2.245,0.86,0.01,0.5,-0.003,,,0.0,1.145,116.2
8,-2.265,1.49,0.016,0.6,0.0,,,0.0,1.165,117.0
9,-2.285,2.62,0.022,0.6,0.006,,,0.0,1.185,117.9
10,-2.305,3.98,0.029,0.6,0.02,,,0.0,1.205,118.8
11,-2.325,5.12,0.035,0.7,0.03,,,0.0,1.225,119.7
12,-2.345,5.99,0.04,0.6,0.038,,,0.0,1.245,120.6
13,-2.365,6.53,0.045,0.7,0.017,,,0.0,1.265,121.4
14,-2.385,6.91,0.049,0.7,0.001,,,0.0,1.285,122.3
15,-2.4050000000000002,7.18,0.052,0.7,-0.001,,,0.0,1.305,123.2
16,-2.425,7.39,0.055,0.7,-0.002,,,0.0,1.325,124.1
17,-2.4450000000000003,7.55,0.057,0.7,-0.002,,,0.0,1.345,124.9
18,-2.465,7.66,,,-0.003,,,0.0,1.365,125.8
19,-2.4850000000000003,7.72,0.042,0.5,-0.003,,,0.0,1.385,126.7
20,-2.505,7.75,0.047,0.6,-0.003,,,0.0,1.405,127.5
21,-2.5250000000000004,7.78,0.051,0.6,-0.004,,,0.0,1.425,128.5
22,-2.545,7.79,0.055,0.7,-0.004,,,0.0,1.445,129.3
23,-2.585,7.56,0.062,0.8,-0.003,,,0.0,1.485,152.4
24,-2.605,7.4,0.059,0.7,-0.004,,,0.0,1.505,153.2
25,-2.625,7.17,0.06,0.7,-0.005,,,0.0,1.525,154.2
26,-2.645,6.99,0.062,0.7,-0.005,,,0.0,1.545,155.1
27,-2.665,7.39,0.061,0.7,-0.004,,,0.0,1.565,155.9
28,-2.685,8.08,0.059,0.7,-0.004,,,0.0,1.585,156.8
29,-2.705,8.7,0.059,0.6,-0.004,,,0.0,1.605,157.6
30,-2.725,9.05,0.06,0.6,-0.003,,,0.0,1.625,158.5
31,-2.745,9.3,0.061,0.6,-0.003,,,0.0,1.645,159.4
32,-2.765,9.38,0.06,0.6,-0.003,,,0.0,1.665,160.3
33,-2.785,9.33,0.061,0.6,-0.003,,,0.0,1.685,161.1
34,-2.805,9.09,0.063,0.7,-0.004,,,0.0,1.705,162.0
35,-2.825,8.73,0.065,0.7,-0.004,,,0.0,1.725,162.8
36,-2.845,8.28,0.066,0.8,-0.004,,,0.0,1.745,163.7
37,-2.865,7.79,0.065,0.8,-0.004,,,0.0,1.765,164.6
38,-2.885,7.24,0.063,0.9,-0.004,,,0.0,1.785,165.5
39,-2.9050000000000002,6.69,0.062,0.9,-0.004,,,0.0,1.805,166.4
40,-2.925,6.05,0.061,1.0,-0.004,,,0.0,1.825,167.2
41,-2.9450000000000003,5.36,0.059,1.2,-0.004,,,0.0,1.845,168.1
42,-2.965,4.63,0.059,1.4,-0.004,,,0.0,1.865,169.0
43,-2.9850000000000003,3.84,0.061,1.7,-0.005,,,0.0,1.885,169.9
44,-3.005,2.94,0.063,2.1,-0.004,,,0.0,1.905,170.8
45,-3.024,2.13,0.066,2.7,-0.002,,,0.0,1.924,171.6
46,-3.044,1.63,0.069,3.5,0.0,,,0.0,1.944,172.5
47,-3.064,1.45,0.067,4.1,0.001,,,0.0,1.964,173.3
48,-3.084,1.31,0.062,4.5,0.002,,,0.0,1.984,174.2
49,-3.104,1.21,0.057,4.6,0.009,,,0.0,2.004,175.1
50,-3.124,1.09,0.05,4.2,0.016,,,0.0,2.024,176.0
51,-3.144,1.01,0.044,3.8,0.061,,,0.0,2.044,176.8
52,-3.164,1.01,0.037,3.1,0.091,,,0.0,2.064,177.7
53,-3.184,1.08,0.03,2.5,0.089,,,0.0,2.084,178.6
54,-3.204,1.19,0.031,2.5,0.129,,,0.0,2.104,179.4
55,-3.224,1.31,0.033,2.5,0.092,,,0.0,2.124,180.3
56,-3.244,1.41,0.036,2.6,0.048,,,0.0,2.144,181.1
57,-3.2640000000000002,1.45,0.041,2.8,0.042,,,0.0,2.164,182.0
58,-3.2840000000000003,1.46,0.046,3.0,0.076,,,0.0,2.184,182.9
59,-3.3040000000000003,1.5,0.052,3.3,0.079,,,0.0,2.204,183.8
60,-3.3240000000000003,1.57,0.056,3.5,0.082,,,0.0,2.224,184.6
61,-3.3440000000000003,1.66,0.06,3.8,0.063,,,0.0,2.244,185.5
62,-3.364,1.7,0.064,4.0,0.071,,,0.0,2.264,186.4
63,-3.384,1.66,0.065,4.2,0.042,,,0.0,2.284,187.3
64,-3.404,1.57,0.064,4.2,0.026,,,0.0,2.304,188.1
65,-3.424,1.46,0.064,4.4,0.01,,,0.0,2.324,189.0
66,-3.444,1.37,0.063,4.6,0.023,,,0.0,2.344,189.9
67,-3.464,1.29,,,0.033,,,0.0,2.364,190.7
68,-3.484,1.22,0.051,4.2,0.015,,,0.0,2.384,191.6
69,-3.504,1.17,0.049,4.2,0.013,,,0.0,2.404,192.5
70,-3.524,1.1,0.049,4.5,0.0,,,0.0,2.424,193.3
71,-3.544,1.03,0.047,4.6,-0.015,,,0.0,2.444,194.3
72,-3.584,0.91,0.041,4.5,-0.026,,,0.0,2.484,217.3
73,-3.604,0.86,0.038,4.4,-0.022,,,0.0,2.504,218.2
74,-3.624,0.82,0.035,4.2,-0.018,,,0.0,2.524,219.0
75,-3.644,0.81,0.031,3.7,-0.011,,,0.0,2.544,219.9
76,-3.664,0.81,0.029,3.5,-0.005,,,0.0,2.564,220.8
77,-3.684,0.79,0.029,3.6,0.0,,,0.0,2.584,221.6
78,-3.704,0.79,0.028,3.5,0.006,,,0.0,2.604,222.5
79,-3.724,0.8,0.028,3.5,0.012,,,0.0,2.624,223.4
80,-3.744,0.81,0.028,3.5,0.015,,,0.0,2.644,224.3
81,-3.7640000000000002,0.79,0.028,3.6,0.016,,,0.0,2.664,225.1
82,-3.7840000000000003,0.77,0.027,3.5,0.014,,,0.0,2.684,226.0
83,-3.8040000000000003,0.76,0.026,3.5,0.012,,,0.0,2.704,226.8
84,-3.8240000000000003,0.72,0.024,3.3,0.012,,,0.0,2.724,227.8
85,-3.8440000000000003,0.7,0.023,3.3,0.015,,,0.0,2.744,228.7
86,-3.864,0.67,0.022,3.2,0.017,,,0.0,2.764,229.5
87,-3.884,0.65,0.021,3.2,0.018,,,0.0,2.784,230.4
88,-3.904,0.63,0.019,3.0,0.019,,,0.0,2.804,231.3
89,-3.924,0.62,0.018,3.0,0.02,,,0.0,2.824,232.1
90,-3.944,0.6,0.017,2.9,0.016,,,0.0,2.844,232.9
91,-3.964,0.56,0.015,2.6,0.014,,,0.0,2.864,233.9
92,-3.984,0.53,0.014,2.5,0.017,,,0.0,2.884,234.7
93,-4.004,0.51,0.013,2.4,0.02,,,0.0,2.904,235.6
94,-4.024,0.5,0.012,2.3,0.022,,,0.0,2.924,236.4
95,-4.0440000000000005,0.5,0.011,2.2,0.024,,,0.0,2.944,237.3
96,-4.064,0.5,0.01,2.0,0.026,,,0.0,2.964,238.2
97,-4.084,0.49,0.01,2.0,0.029,,,0.0,2.984,239.1
98,-4.104,0.49,0.009,1.8,0.031,,,0.0,3.004,240.0
99,-4.1240000000000006,0.48,0.009,1.8,0.034,,,0.0,3.024,240.8
100,-4.144,0.48,0.009,1.8,0.035,,,0.0,3.044,241.7
101,-4.164,0.49,0.008,1.6,0.039,,,0.0,3.064,242.6
102,-4.184,0.5,0.008,1.6,0.043,,,0.0,3.084,243.4
103,-4.204000000000001,0.49,0.008,1.6,0.047,,,0.0,3.104,244.3
104,-4.224,0.49,0.008,1.6,0.051,,,0.0,3.124,245.1
105,-4.244,0.48,0.008,1.5,0.057,,,0.0,3.144,246.0
106,-4.264,0.5,0.009,1.7,0.062,,,0.0,3.164,246.9
107,-4.284000000000001,0.51,0.009,1.7,0.066,,,0.0,3.184,247.6
108,-4.304,0.52,0.009,1.7,0.072,,,0.0,3.204,248.6
109,-4.324,0.52,0.009,1.7,0.077,,,0.0,3.224,249.5
110,-4.344,0.51,0.009,1.8,0.081,,,0.0,3.244,250.3
111,-4.364,0.5,0.009,1.8,0.085,,,0.0,3.264,251.2
112,-4.384,0.49,0.008,1.6,0.089,,,0.0,3.284,252.1
113,-4.404,0.48,0.008,1.6,0.091,,,0.0,3.304,252.9
114,-4.4239999999999995,0.47,0.008,1.7,0.095,,,0.0,3.324,253.8
115,-4.444,0.46,0.008,1.7,0.098,,,0.0,3.344,254.7
116,-4.464,0.44,0.007,1.5,0.098,,,0.0,3.364,255.6
117,-4.484,0.43,0.008,1.8,0.1,,,0.0,3.384,256.4
118,-4.504,0.43,0.008,1.8,0.104,,,0.0,3.404,257.3
119,-4.524,0.43,0.007,1.6,0.109,,,0.0,3.424,258.1
120,-4.5440000000000005,0.42,0.007,1.6,0.112,,,0.0,3.444,259.0
121,-4.564,0.41,0.007,1.6,0.11,,,0.0,3.464,260.0
122,-4.584,0.42,0.007,1.6,0.121,,,0.0,3.484,311.1
123,-4.604,0.41,0.007,1.7,0.123,,,0.0,3.504,312.0
124,-4.6240000000000006,0.41,0.006,1.4,0.136,,,0.0,3.524,312.9
125,-4.644,0.4,0.006,1.4,0.141,,,0.0,3.544,313.8
126,-4.664,0.41,0.006,1.4,0.144,,,0.0,3.564,314.6
127,-4.684,0.41,0.006,1.4,0.148,,,0.0,3.584,315.5
128,-4.704000000000001,0.42,0.006,1.4,0.146,,,0.0,3.604,316.4
129,-4.724,0.43,0.006,1.3,0.138,,,0.0,3.624,317.3
130,-4.744,0.43,0.006,1.3,0.13,,,0.0,3.644,318.1
131,-4.764,0.45,0.007,1.5,0.132,,,0.0,3.664,319.0
132,-4.784000000000001,0.46,0.007,1.4,0.127,,,0.0,3.684,319.9
133,-4.804,0.47,0.007,1.4,0.128,,,0.0,3.704,320.8
134,-4.824,0.49,0.008,1.5,0.118,,,0.0,3.724,321.6
135,-4.844,0.52,0.011,2.0,0.109,,,0.0,3.744,322.5
136,-4.864,0.55,0.014,2.5,0.133,,,0.0,3.764,323.4
137,-4.884,0.6,0.017,3.0,0.085,,,0.0,3.784,324.3
138,-4.904,0.62,0.021,3.7,0.049,,,0.0,3.804,325.2
139,-4.9239999999999995,0.58,0.025,4.5,0.084,,,0.0,3.824,326.0
140,-4.944,0.54,0.028,5.0,0.117,,,0.0,3.844,326.9
141,-4.964,0.51,0.029,5.3,0.111,,,0.0,3.864,327.7
142,-4.984,0.51,0.03,5.6,0.078,,,0.0,3.884,328.6
143,-5.004,0.53,0.031,5.9,0.082,,,0.0,3.904,329.5
144,-5.024,0.53,0.031,6.0,0.091,,,0.0,3.924,330.4
145,-5.0440000000000005,0.53,0.032,6.2,0.08,,,0.0,3.944,331.2
146,-5.064,0.52,0.033,6.4,0.102,,,0.0,3.964,332.1
147,-5.084,0.5,0.033,6.5,0.099,,,0.0,3.984,332.9
148,-5.103999999999999,0.49,0.032,6.3,0.104,,,0.0,4.004,333.8
149,-5.1240000000000006,0.49,0.032,6.3,0.106,,,0.0,4.024,334.7
150,-5.144,0.49,0.032,6.3,0.086,,,0.0,4.044,335.6
151,-5.164,0.5,0.031,6.1,0.102,,,0.0,4.064,336.4
152,-5.183999999999999,0.51,0.03,6.0,0.107,,,0.0,4.084,337.4
153,-5.204000000000001,0.52,0.028,5.6,0.099,,,0.0,4.104,338.2
154,-5.224,0.52,0.028,5.6,0.094,,,0.0,4.124,339.1
155,-5.244,0.49,0.028,5.6,0.093,,,0.0,4.144,339.9
156,-5.263999999999999,0.48,0.029,5.8,0.082,,,0.0,4.164,340.8
157,-5.284000000000001,0.48,0.029,5.8,0.072,,,0.0,4.184,341.6
158,-5.304,0.49,0.03,6.0,0.071,,,0.0,4.204,342.5
159,-5.324,0.5,0.031,6.2,0.076,,,0.0,4.224,343.4
160,-5.343999999999999,0.51,0.032,6.4,0.088,,,0.0,4.244,344.3
161,-5.364000000000001,0.51,0.032,6.3,0.09,,,0.0,4.264,345.1
162,-5.384,0.5,0.031,6.1,0.097,,,0.0,4.284,346.0
163,-5.404,0.5,0.029,5.7,0.095,,,0.0,4.304,346.9
164,-5.4239999999999995,0.5,0.029,5.8,0.094,,,0.0,4.324,347.7
165,-5.444000000000001,0.51,0.028,5.6,0.102,,,0.0,4.344,348.6
166,-5.464,0.5,0.028,5.6,0.105,,,0.0,4.364,349.5
167,-5.484,0.49,0.031,6.3,0.115,,,0.0,4.384,350.4
168,-5.504,0.49,0.03,6.1,0.093,,,0.0,4.404,351.2
169,-5.524000000000001,0.48,0.031,6.3,0.097,,,0.0,4.424,352.1
170,-5.5440000000000005,0.47,0.03,6.0,0.109,,,0.0,4.444,353.0
171,-5.564,0.48,0.03,6.0,0.11,,,0.0,4.464,353.8
172,-5.584,0.49,0.029,5.8,0.111,,,0.0,4.484,375.7
173,-5.603999999999999,0.52,0.028,5.6,0.085,,,0.0,4.504,376.6
174,-5.6240000000000006,0.52,0.027,5.4,0.098,,,0.0,4.524,377.4
175,-5.644,0.51,0.027,5.4,0.103,,,0.0,4.544,378.3
176,-5.664,0.5,0.025,5.0,0.099,,,0.0,4.564,379.1
177,-5.683999999999999,0.49,0.023,4.7,0.095,,,0.0,4.584,380.1
178,-5.704000000000001,0.49,0.021,4.3,0.108,,,0.0,4.604,381.0
179,-5.724,0.48,0.019,4.0,0.114,,,0.0,4.624,381.8
180,-5.744,0.46,0.017,3.6,0.129,,,0.0,4.644,382.7
181,-5.763999999999999,0.46,0.015,3.2,0.128,,,0.0,4.664,383.6
182,-5.784000000000001,0.45,0.013,2.9,0.129,,,0.0,4.684,384.4
183,-5.804,0.44,0.013,2.9,0.118,,,0.0,4.704,385.2
184,-5.824,0.44,0.012,2.7,0.117,,,0.0,4.724,386.2
185,-5.843999999999999,0.42,0.012,2.8,0.112,,,0.0,4.744,387.1
186,-5.864000000000001,0.41,0.011,2.6,0.115,,,0.0,4.764,387.9
187,-5.884,0.41,0.011,2.6,0.114,,,0.0,4.784,388.8
188,-5.904,0.4,0.011,2.6,0.113,,,0.0,4.804,389.7
189,-5.9239999999999995,0.41,0.012,2.8,0.12,,,0.0,4.824,390.6
190,-5.944000000000001,0.41,0.013,3.0,0.115,,,0.0,4.844,391.4
191,-5.964,0.43,0.014,3.2,0.115,,,0.0,4.864,392.3
192,-5.984,0.46,0.014,3.1,0.101,,,0.0,4.884,393.2
193,-6.004,0.46,0.015,3.3,0.107,,,0.0,4.904,394.1
194,-6.024000000000001,0.45,0.016,3.4,0.106,,,0.0,4.924,394.9
195,-6.0440000000000005,0.45,0.017,3.6,0.115,,,0.0,4.944,395.8
196,-6.064,0.46,0.017,3.6,0.117,,,0.0,4.964,396.7
197,-6.084,0.48,0.019,3.9,0.105,,,0.0,4.984,397.6
198,-6.103999999999999,0.49,0.02,4.1,0.105,,,0.0,5.004,398.4
199,-6.1240000000000006,0.49,0.022,4.4,0.11,,,0.0,5.024,399.3
200,-6.144,0.49,0.023,4.6,0.113,,,1.0,5.044,400.1
201,-6.164,0.51,0.024,4.7,0.101,,,0.0,5.064,401.0
202,-6.183999999999999,0.52,0.024,4.7,0.1,,,1.0,5.084,401.8
203,-6.204000000000001,0.52,0.023,4.5,0.093,,,1.0,5.104,402.8
204,-6.224,0.5,0.022,4.3,0.106,,,1.0,5.124,403.6
205,-6.244,0.49,0.02,3.9,0.109,,,0.0,5.144,404.5
206,-6.263999999999999,0.5,0.019,3.8,0.116,,,1.0,5.164,405.4
207,-6.284000000000001,0.5,0.018,3.6,0.124,,,1.0,5.184,406.2
208,-6.304,0.5,0.017,3.5,0.124,,,1.0,5.204,407.1
209,-6.324,0.49,0.015,3.1,0.124,,,1.0,5.224,407.9
210,-6.343999999999999,0.48,0.013,2.7,0.123,,,1.0,5.244,408.8
211,-6.364000000000001,0.46,0.011,2.4,0.121,,,1.0,5.264,409.7
212,-6.384,0.45,0.01,2.2,0.124,,,1.0,5.284,410.6
213,-6.404,0.43,0.009,2.1,0.125,,,1.0,5.304,411.4
214,-6.4239999999999995,0.41,0.007,1.7,0.137,,,1.0,5.324,412.3
215,-6.444000000000001,0.4,0.006,1.5,0.137,,,1.0,5.344,413.2
216,-6.464,0.38,0.005,1.2,0.137,,,1.0,5.364,414.0
217,-6.484,0.38,0.005,1.3,0.139,,,1.0,5.384,414.9
218,-6.504,0.37,0.003,0.7,0.142,,,1.0,5.404,415.8
219,-6.524000000000001,0.37,0.003,0.7,0.143,,,1.0,5.424,416.7
220,-6.5440000000000005,0.37,0.003,0.7,0.147,,,1.0,5.444,417.5
221,-6.564,0.38,0.003,0.7,0.15,,,1.0,5.464,418.4
222,-6.584,0.38,0.003,0.7,0.152,,,1.0,5.484,419.2
223,-6.603999999999999,0.38,0.003,0.7,0.17,,,1.0,5.504,542.1
224,-6.6240000000000006,0.39,0.003,0.7,0.17,,,1.0,5.524,542.9
225,-6.644,0.39,0.003,0.7,0.173,,,1.0,5.544,543.8
226,-6.664,0.38,0.003,0.8,0.168,,,1.0,5.564,544.8
227,-6.683999999999999,0.37,0.003,0.8,0.167,,,1.0,5.584,545.6
228,-6.704000000000001,0.37,0.003,0.8,0.165,,,1.0,5.604,546.5
229,-6.724,0.36,0.003,0.8,0.171,,,1.0,5.624,547.3
230,-6.744,0.36,0.003,0.8,0.167,,,1.0,5.644,548.2
231,-6.763999999999999,0.36,0.003,0.8,0.164,,,1.0,5.664,549.1
232,-6.784000000000001,0.36,0.003,0.8,0.167,,,1.0,5.684,549.9
233,-6.804,0.36,0.003,0.8,0.169,,,1.0,5.704,550.8
234,-6.824,0.36,0.003,0.8,0.167,,,1.0,5.724,551.7
235,-6.843999999999999,0.36,0.003,0.8,0.166,,,1.0,5.744,552.5
236,-6.864000000000001,0.38,0.003,0.8,0.168,,,1.0,5.764,553.4
237,-6.884,0.38,0.003,0.8,0.162,,,1.0,5.784,554.4
238,-6.904,0.36,0.003,0.8,0.176,,,1.0,5.804,555.2
239,-6.9239999999999995,0.36,0.003,0.8,0.174,,,1.0,5.824,556.1
240,-6.944000000000001,0.36,0.003,0.8,0.173,,,1.0,5.844,556.9
241,-6.964,0.36,0.003,0.8,0.177,,,1.0,5.864,557.8
242,-6.984,0.37,0.003,0.8,0.181,,,1.0,5.884,558.7
243,-7.004,0.38,0.003,0.8,0.178,,,1.0,5.904,559.6
244,-7.024000000000001,0.38,0.003,0.7,0.175,,,1.0,5.924,560.4
245,-7.0440000000000005,0.38,0.003,0.7,0.176,,,1.0,5.944,561.3
246,-7.064,0.38,0.004,1.0,0.18,,,1.0,5.964,562.2
247,-7.084,0.38,0.004,1.0,0.176,,,1.0,5.984,563.1
248,-7.103999999999999,0.4,0.004,1.0,0.171,,,1.0,6.004,563.9
249,-7.1240000000000006,0.41,0.004,0.9,0.16,,,1.0,6.024,564.8
250,-7.144,0.41,0.005,1.2,0.171,,,1.0,6.044,565.7
251,-7.164,0.41,0.005,1.2,0.158,,,1.0,6.064,566.5
252,-7.183999999999999,0.41,0.005,1.2,0.157,,,1.0,6.084,567.4
253,-7.204000000000001,0.41,0.005,1.2,0.15,,,1.0,6.104,568.3
254,-7.224,0.41,0.005,1.2,0.158,,,1.0,6.124,569.1
255,-7.244,0.41,0.005,1.2,0.155,,,1.0,6.144,570.0
256,-7.263999999999999,0.4,0.005,1.2,0.155,,,1.0,6.164,570.8
257,-7.284000000000001,0.4,0.005,1.2,0.138,,,1.0,6.184,571.7
258,-7.304,0.41,0.005,1.2,0.155,,,1.0,6.204,572.6
259,-7.324,0.4,0.005,1.2,0.165,,,1.0,6.224,573.5
260,-7.343999999999999,0.4,0.005,1.1,0.166,,,1.0,6.244,574.4
261,-7.364000000000001,0.41,0.006,1.3,0.175,,,1.0,6.264,575.2
262,-7.384,0.43,0.008,1.7,0.179,,,1.0,6.284,576.1
263,-7.404,0.46,0.011,2.3,0.186,,,1.0,6.304,577.0
264,-7.4239999999999995,0.49,0.014,2.9,0.182,,,1.0,6.324,577.8
265,-7.444000000000001,0.51,0.017,3.6,0.189,,,1.0,6.344,578.7
266,-7.464,0.5,0.019,4.0,0.14,,,1.0,6.364,579.6
267,-7.484,0.48,0.019,4.1,0.127,,,1.0,6.384,580.5
268,-7.504,0.46,0.018,4.0,0.102,,,1.0,6.404,581.3
269,-7.524000000000001,0.43,0.016,3.7,0.108,,,1.0,6.424,582.1
270,-7.5440000000000005,0.4,0.013,3.1,0.131,,,1.0,6.444,583.0
271,-7.564,0.38,0.01,2.5,0.141,,,1.0,6.464,583.9
272,-7.584,0.37,0.008,2.1,0.148,,,1.0,6.484,584.8
273,-7.603999999999999,0.37,0.007,1.8,0.199,,,1.0,6.504,606.7
274,-7.6240000000000006,0.37,0.006,1.6,0.186,,,1.0,6.524,607.6
275,-7.644,0.35,0.006,1.6,0.186,,,1.0,6.544,608.5
276,-7.664,0.36,0.006,1.6,0.173,,,1.0,6.564,609.3
277,-7.683999999999999,0.37,0.006,1.5,0.171,,,1.0,6.584,610.2
278,-7.704000000000001,0.38,0.006,1.5,0.173,,,1.0,6.604,611.1
279,-7.724,0.39,0.006,1.5,0.166,,,1.0,6.624,611.9
280,-7.744,0.39,0.006,1.5,0.155,,,1.0,6.644,612.9
281,-7.763999999999999,0.4,0.006,1.4,0.156,,,1.0,6.664,613.7
282,-7.784000000000001,0.39,0.005,1.1,0.147,,,1.0,6.684,614.5
283,-7.804,0.4,0.005,1.1,0.148,,,1.0,6.704,615.4
284,-7.824,0.42,0.004,0.9,0.142,,,1.0,6.724,616.3
285,-7.843999999999999,0.45,0.003,0.6,0.143,,,1.0,6.744,617.2
286,-7.864000000000001,0.5,0.002,0.4,0.123,,,1.0,6.764,618.0
287,-7.884,0.46,0.002,0.4,0.113,,,1.0,6.784,619.0
288,-7.904,0.47,0.001,0.2,0.085,,,1.0,6.804,619.8
289,-7.9239999999999995,0.48,0.001,0.2,0.114,,,1.0,6.824,620.6
290,-7.944000000000001,0.46,0.001,0.2,0.101,,,1.0,6.844,621.5
291,-7.964,0.4,0.001,0.2,0.103,,,1.0,6.864,622.4
292,-7.984,0.36,0.001,0.2,0.123,,,1.0,6.884,623.3
293,-8.004,0.37,0.001,0.2,0.139,,,1.0,6.904,624.2
294,-8.024000000000001,0.38,0.002,0.5,0.134,,,1.0,6.924,625.0
295,-8.044,0.39,0.002,0.4,0.144,,,1.0,6.944,625.9
296,-8.064,0.41,0.001,0.2,0.153,,,1.0,6.964,626.8
297,-8.084,0.44,0.002,0.4,0.142,,,1.0,6.984,627.7
298,-8.104,0.43,0.002,0.4,0.124,,,1.0,7.004,628.5
299,-8.124,0.43,0.002,0.4,0.137,,,1.0,7.024,629.4
300,-8.144,0.46,0.001,0.2,0.135,,,1.0,7.044,630.3
301,-8.164,0.49,0.001,0.2,0.135,,,1.0,7.064,631.1
302,-8.184,0.47,0.001,0.2,0.129,,,1.0,7.084,632.0
303,-8.204,0.43,0.001,0.2,0.104,,,1.0,7.104,632.9
304,-8.224,0.38,0.001,0.2,0.115,,,1.0,7.124,633.7
305,-8.244,0.35,0.001,0.2,0.124,,,1.0,7.144,634.6
306,-8.264,0.36,0.001,0.2,0.131,,,1.0,7.164,635.5
307,-8.284,0.37,0.001,0.2,0.139,,,1.0,7.184,636.4
308,-8.304,0.38,0.001,0.2,0.148,,,1.0,7.204,637.2
309,-8.324,0.4,0.001,0.2,0.156,,,1.0,7.224,638.1
310,-8.344,0.46,0.001,0.2,0.169,,,1.0,7.244,639.0
311,-8.364,0.5,0.001,0.2,0.141,,,1.0,7.264,639.8
312,-8.384,0.46,0.001,0.2,0.122,,,1.0,7.284,640.7
313,-8.404,0.43,0.0,,0.119,,,1.0,7.304,641.5
314,-8.424,0.4,0.0,,0.137,,,1.0,7.324,642.5
315,-8.444,0.37,0.001,0.2,0.141,,,1.0,7.344,643.3
316,-8.464,0.37,0.001,0.2,0.141,,,1.0,7.364,644.2
317,-8.484,0.36,0.001,0.2,0.145,,,1.0,7.384,645.0
318,-8.504,0.36,0.001,0.2,0.144,,,1.0,7.404,645.9
319,-8.524000000000001,0.36,0.0,,0.15,,,1.0,7.424,646.7
320,-8.544,0.34,0.0,,0.157,,,1.0,7.444,647.6
321,-8.564,0.34,0.0,,0.163,,,1.0,7.464,648.5
322,-8.584,0.35,0.0,,0.168,,,1.0,7.484,649.3
323,-8.604,0.35,0.0,,0.175,,,1.0,7.504,650.3
324,-8.624,0.36,0.0,,0.198,,,1.0,7.524,672.1
325,-8.644,0.38,0.001,0.2,0.189,,,1.0,7.544,673.0
326,-8.664,0.39,0.001,0.2,0.201,,,1.0,7.564,673.9
327,-8.684,0.4,0.001,0.2,0.183,,,1.0,7.584,674.8
328,-8.704,0.41,0.001,0.2,0.194,,,1.0,7.604,675.7
329,-8.724,0.42,0.001,0.2,0.193,,,1.0,7.624,676.5
330,-8.744,0.42,0.002,0.4,0.189,,,1.0,7.644,677.4
331,-8.764,0.41,0.002,0.4,0.177,,,1.0,7.664,678.3
332,-8.784,0.41,0.002,0.4,0.189,,,1.0,7.684,679.1
333,-8.804,0.41,0.002,0.4,0.207,,,1.0,7.704,680.0
334,-8.824,0.41,0.002,0.4,0.209,,,1.0,7.724,680.9
335,-8.844,0.4,0.002,0.4,0.204,,,1.0,7.744,681.8
336,-8.864,0.4,0.001,0.2,0.204,,,1.0,7.764,682.6
337,-8.884,0.4,0.001,0.2,0.209,,,1.0,7.784,683.5
338,-8.904,0.41,0.001,0.2,0.215,,,1.0,7.804,684.4
339,-8.924,0.41,0.001,0.2,0.209,,,1.0,7.824,685.3
340,-8.944,0.41,0.001,0.2,0.211,,,1.0,7.844,686.2
341,-8.964,0.4,0.001,0.2,0.21,,,1.0,7.864,687.1
342,-8.984,0.41,0.002,0.4,0.202,,,1.0,7.884,687.9
343,-9.004,0.42,0.002,0.4,0.215,,,1.0,7.904,688.8
344,-9.024000000000001,0.42,0.002,0.4,0.21,,,1.0,7.924,689.7
345,-9.044,0.41,0.002,0.4,0.198,,,1.0,7.944,690.5
346,-9.064,0.41,0.002,0.4,0.201,,,1.0,7.964,691.3
347,-9.083,0.42,0.002,0.4,0.201,,,1.0,7.983,692.2
348,-9.103,0.43,0.002,0.4,0.214,,,1.0,8.003,693.2
349,-9.123,0.44,0.003,0.6,0.22,,,1.0,8.023,694.0
350,-9.142999999999999,0.46,0.003,0.6,0.222,,,1.0,8.043,694.9
351,-9.163,0.47,0.003,0.6,0.215,,,1.0,8.063,695.7
352,-9.183,0.46,0.004,0.8,0.206,,,1.0,8.083,696.6
353,-9.203,0.48,0.004,0.8,0.203,,,1.0,8.103,697.5
354,-9.222999999999999,0.48,0.005,1.0,0.217,,,1.0,8.123,698.3
355,-9.243,0.5,0.006,1.2,0.22,,,1.0,8.143,699.2
356,-9.263,0.51,0.006,1.1,0.214,,,1.0,8.163,700.1
357,-9.283,0.52,0.006,1.1,0.199,,,1.0,8.183,701.0
358,-9.302999999999999,0.52,0.007,1.3,0.194,,,1.0,8.203,701.8
359,-9.323,0.51,0.007,1.3,0.21,,,1.0,8.223,702.7
360,-9.343,0.52,0.008,1.5,0.211,,,1.0,8.243,703.5
361,-9.363,0.52,0.008,1.5,0.201,,,1.0,8.263,704.4
362,-9.383,0.52,0.008,1.5,0.19,,,1.0,8.283,705.3
363,-9.403,0.53,0.008,1.4,0.186,,,1.0,8.303,706.1
364,-9.423,0.54,0.008,1.4,0.197,,,1.0,8.323,707.0
365,-9.443,0.55,0.009,1.6,0.197,,,1.0,8.343,707.9
366,-9.463,0.55,0.009,1.6,0.19,,,1.0,8.363,708.8
367,-9.482999999999999,0.57,0.009,1.6,0.186,,,1.0,8.383,709.6
368,-9.503,0.56,0.008,1.4,0.178,,,1.0,8.403,710.5
369,-9.523,0.55,0.007,1.2,0.205,,,1.0,8.423,711.4
370,-9.543,0.53,0.007,1.3,0.216,,,1.0,8.443,712.3
371,-9.562999999999999,0.52,0.006,1.1,0.219,,,1.0,8.463,713.0
372,-9.583,0.52,0.006,1.1,0.227,,,1.0,8.483,714.0
373,-9.603,0.51,0.005,0.9,0.221,,,1.0,8.503,714.9
374,-9.623,0.54,0.005,0.9,0.209,,,1.0,8.523,736.8
375,-9.642999999999999,0.55,0.005,0.9,0.217,,,1.0,8.543,737.7
376,-9.663,0.55,0.005,0.9,0.22,,,1.0,8.563,738.5
377,-9.683,0.54,0.005,0.9,0.218,,,1.0,8.583,739.4
378,-9.703,0.54,0.005,0.9,0.249,,,1.0,8.603,740.2
379,-9.722999999999999,0.54,0.005,0.9,0.234,,,1.0,8.623,741.2
380,-9.743,0.54,0.005,0.9,0.229,,,1.0,8.643,742.0
381,-9.763,0.55,0.005,0.9,0.227,,,1.0,8.663,742.9
382,-9.783,0.55,0.005,0.9,0.237,,,1.0,8.683,743.7
383,-9.802999999999999,0.55,0.006,1.0,0.228,,,1.0,8.703,744.7
384,-9.823,0.54,0.005,0.8,0.229,,,1.0,8.723,745.5
385,-9.843,0.57,0.005,0.8,0.228,,,1.0,8.743,746.4
386,-9.863,0.6,0.005,0.8,0.223,,,1.0,8.763,747.3
387,-9.883,0.59,0.005,0.8,0.186,,,1.0,8.783,748.2
388,-9.903,0.55,0.005,0.8,0.208,,,1.0,8.803,749.1
389,-9.923,0.55,0.005,0.8,0.23,,,1.0,8.823,749.9
390,-9.943,0.56,0.004,0.7,0.226,,,1.0,8.843,750.8
391,-9.963,0.55,0.004,0.7,0.22,,,1.0,8.863,751.6
392,-9.982999999999999,0.56,0.004,0.7,0.204,,,1.0,8.883,752.5
393,-10.003,0.54,0.004,0.7,0.211,,,1.0,8.903,753.4
394,-10.023,0.52,0.005,0.9,0.208,,,1.0,8.923,754.3
395,-10.043,0.51,0.005,0.9,0.195,,,1.0,8.943,755.2
396,-10.062999999999999,0.53,0.004,0.7,0.193,,,1.0,8.963,756.0
397,-10.083,0.56,0.005,0.8,0.195,,,2.0,8.983,756.9
398,-10.103,0.6,0.005,0.8,0.193,,,1.0,9.003,757.8
399,-10.123,0.62,0.004,0.6,0.163,,,2.0,9.023,758.7
400,-10.142999999999999,0.63,0.004,0.5,0.174,,,1.0,9.043,759.5
401,-10.163,0.7,0.005,0.6,0.148,,,1.0,9.063,760.4
402,-10.183,0.74,0.005,0.6,0.165,,,2.0,9.083,761.3
403,-10.203,0.79,0.004,0.4,0.131,,,2.0,9.103,762.1
404,-10.222999999999999,0.81,0.003,0.3,0.137,,,2.0,9.123,763.0
405,-10.243,0.88,0.004,0.4,0.122,,,2.0,9.143,763.9
406,-10.263,0.94,0.005,0.5,0.098,,,2.0,9.163,764.7
407,-10.283,0.93,0.005,0.5,0.108,,,2.0,9.183,765.6
408,-10.302999999999999,0.84,0.005,0.4,0.089,,,2.0,9.203,766.4
409,-10.323,0.79,0.005,0.4,0.147,,,2.0,9.223,767.3
410,-10.343,0.8,0.005,0.3,0.16,,,2.0,9.243,768.2
411,-10.363,1.24,0.006,0.3,0.172,,,2.0,9.263,769.1
412,-10.383,1.93,0.008,0.4,0.087,,,2.0,9.283,769.9
413,-10.403,2.3,0.01,0.4,0.055,,,2.0,9.303,770.8
414,-10.423,2.52,0.013,0.4,0.036,,,2.0,9.323,771.7
415,-10.443,2.62,0.015,0.4,0.122,,,2.0,9.343,772.5
416,-10.463,2.74,0.018,0.4,0.128,,,2.0,9.363,773.4
417,-10.482999999999999,3.32,0.021,0.4,0.096,,,2.0,9.383,774.3
418,-10.503,4.56,0.025,0.4,0.089,,,2.0,9.403,775.2
419,-10.523,6.38,,,0.022,,,2.0,9.423,776.0
420,-10.543,7.62,0.029,0.4,-0.005,,,2.0,9.443,776.9
421,-10.562999999999999,8.06,0.035,0.4,-0.012,,,2.0,9.463,777.8
422,-10.583,8.12,0.04,0.5,0.036,,,2.0,9.483,778.7
423,-10.603,8.23,0.045,0.5,0.067,,,2.0,9.503,779.5
424,-10.642999999999999,8.49,0.05,0.5,0.075,,,2.0,9.543,802.4
425,-10.663,8.99,0.051,0.5,0.072,,,2.0,9.563,803.2
426,-10.683,9.42,0.054,0.5,0.072,,,2.0,9.583,804.1
427,-10.703,9.74,0.057,0.6,0.065,,,2.0,9.603,805.0
428,-10.722999999999999,9.8,0.058,0.6,0.047,,,2.0,9.623,805.8
429,-10.743,9.54,0.059,0.6,0.066,,,2.0,9.643,806.7
430,-10.763,9.12,0.061,0.6,0.072,,,2.0,9.663,807.6
431,-10.783,8.66,0.062,0.7,0.074,,,2.0,9.683,808.4
432,-10.802999999999999,8.21,0.06,0.7,0.074,,,2.0,9.703,809.3
433,-10.823,7.67,0.058,0.7,0.077,,,2.0,9.723,810.2
434,-10.843,7.05,0.056,0.8,0.078,,,2.0,9.743,811.1
435,-10.863,6.4,0.053,0.8,0.08,,,2.0,9.763,812.0
436,-10.882,5.86,0.05,0.8,0.082,,,2.0,9.782,812.8
437,-10.902,5.51,0.047,0.8,0.083,,,2.0,9.802,813.7
438,-10.921999999999999,5.42,0.045,0.8,0.082,,,2.0,9.822,814.6
439,-10.942,5.5,0.043,0.8,0.079,,,2.0,9.842,815.5
440,-10.962,5.14,0.043,0.9,0.077,,,2.0,9.862,816.4
441,-10.982,4.38,0.043,1.0,0.079,,,2.0,9.882,817.2
442,-11.001999999999999,3.61,0.044,1.2,0.088,,,2.0,9.902,818.1
443,-11.022,2.94,0.043,1.3,0.094,,,2.0,9.922,818.9
444,-11.042,2.54,0.043,1.6,0.096,,,2.0,9.942,819.8
445,-11.062,2.48,0.043,1.8,0.094,,,2.0,9.962,820.7
446,-11.081999999999999,2.34,0.041,1.9,0.09,,,2.0,9.982,821.6
447,-11.103,1.8,0.037,1.9,0.085,,,2.0,10.003,822.4
448,-11.123,1.41,0.031,1.6,0.044,,,2.0,10.023,823.3
449,-11.142999999999999,1.39,0.025,1.1,0.09,,,2.0,10.043,824.2
450,-11.163,1.62,0.022,0.9,0.118,,,2.0,10.063,825.1
451,-11.183,1.79,0.022,0.8,0.097,,,2.0,10.083,826.0
452,-11.203,2.54,0.021,0.6,0.019,,,2.0,10.103,826.8
453,-11.222999999999999,4.1,0.022,0.6,0.083,,,2.0,10.123,827.7
454,-11.243,4.34,0.024,0.6,-0.019,,,2.0,10.143,828.5
455,-11.263,4.34,0.026,0.6,-0.021,,,2.0,10.163,829.4
456,-11.283,4.23,0.027,0.6,0.029,,,2.0,10.183,830.3
457,-11.302999999999999,4.28,0.028,0.6,0.077,,,2.0,10.203,831.1
458,-11.323,4.44,0.03,0.6,0.091,,,2.0,10.223,832.0
459,-11.343,4.68,0.031,0.6,0.085,,,2.0,10.243,832.9
460,-11.363,5.14,0.033,0.6,0.08,,,2.0,10.263,833.8
461,-11.383,5.71,0.035,0.6,0.086,,,2.0,10.283,834.6
462,-11.403,6.17,0.038,0.7,0.081,,,2.0,10.303,835.6
463,-11.423,6.23,0.041,0.7,0.077,,,2.0,10.323,836.4
464,-11.443,5.91,0.045,0.9,0.078,,,2.0,10.343,837.3
465,-11.463,5.28,0.048,1.0,0.08,,,2.0,10.363,838.1
466,-11.482,4.21,0.05,1.3,0.081,,,2.0,10.382,839.0
467,-11.501999999999999,3.26,0.05,1.6,0.087,,,2.0,10.402,839.9
468,-11.522,2.33,0.05,2.0,0.091,,,2.0,10.422,840.7
469,-11.542,1.63,0.033,1.7,0.094,,,2.0,10.442,841.6
470,-11.562,1.19,0.031,1.9,0.097,,,2.0,10.462,842.4
471,-11.581999999999999,0.94,0.027,1.9,0.099,,,2.0,10.482,843.3
472,-11.602,0.82,0.025,1.9,0.12,,,2.0,10.502,844.3
473,-11.622,0.94,0.023,1.7,0.135,,,2.0,10.522,845.1
474,-11.642,1.42,0.022,1.6,0.116,,,2.0,10.542,866.9
475,-11.661999999999999,1.66,0.019,1.2,0.031,,,2.0,10.562,867.8
476,-11.682,1.76,0.015,0.7,0.003,,,2.0,10.582,868.7
477,-11.702,1.57,0.013,0.5,0.089,,,2.0,10.602,869.6
478,-11.722,1.87,0.015,0.5,0.072,,,2.0,10.622,870.5
479,-11.741999999999999,2.51,0.017,0.5,0.114,,,2.0,10.642,871.3
480,-11.762,3.33,0.02,0.6,-0.021,,,2.0,10.662,872.2
481,-11.782,3.66,0.023,0.6,-0.047,,,2.0,10.682,873.1
482,-11.802,3.76,0.026,0.6,0.016,,,2.0,10.702,874.0
483,-11.822,4.34,0.03,0.6,0.071,,,2.0,10.722,874.8
484,-11.842,5.06,0.032,0.7,0.089,,,2.0,10.742,875.7
485,-11.862,5.02,0.033,0.7,0.092,,,2.0,10.762,876.5
486,-11.882,4.71,0.033,0.7,0.092,,,2.0,10.782,877.5
487,-11.902,4.62,0.033,0.7,0.096,,,2.0,10.802,878.4
488,-11.921999999999999,4.75,0.033,0.7,0.097,,,2.0,10.822,879.2
489,-11.942,4.64,0.031,0.7,0.086,,,2.0,10.842,880.1
490,-11.962,4.41,0.03,0.7,0.067,,,2.0,10.862,881.0
491,-11.982,4.17,0.03,0.7,0.08,,,2.0,10.882,881.8
492,-12.001999999999999,3.88,0.031,0.8,0.1,,,2.0,10.902,882.7
493,-12.022,3.6,0.032,0.9,0.096,,,2.0,10.922,883.6
494,-12.042,3.37,0.032,1.0,0.096,,,2.0,10.942,884.5
495,-12.062,2.97,0.031,1.1,0.108,,,2.0,10.962,885.3
496,-12.081999999999999,2.5,0.03,1.2,0.117,,,2.0,10.982,886.2
497,-12.102,2.16,0.028,1.2,0.125,,,2.0,11.002,887.0
498,-12.122,1.94,0.025,1.2,0.122,,,2.0,11.022,887.9
499,-12.142,1.75,0.021,1.1,0.111,,,2.0,11.042,888.8
500,-12.161999999999999,1.67,0.019,1.0,0.105,,,2.0,11.062,889.7
501,-12.182,1.77,0.018,1.1,0.054,,,2.0,11.082,890.6
502,-12.202,1.64,0.016,1.0,0.085,,,2.0,11.102,891.4
503,-12.222,1.51,0.015,1.0,0.011,,,2.0,11.122,892.3
504,-12.241999999999999,1.44,0.015,1.0,0.019,,,2.0,11.142,893.1
505,-12.262,1.33,0.017,1.2,0.104,,,2.0,11.162,894.0
506,-12.282,1.27,0.018,1.3,0.098,,,2.0,11.182,894.8
507,-12.302,1.22,0.016,1.1,0.082,,,2.0,11.202,895.7
508,-12.322,1.11,0.016,1.1,0.114,,,2.0,11.222,896.6
509,-12.342,1.3,0.019,1.3,0.072,,,2.0,11.242,897.4
510,-12.362,1.54,0.02,1.3,0.093,,,2.0,11.262,898.4
511,-12.382,1.79,0.022,1.4,0.072,,,2.0,11.282,899.2
512,-12.402,1.79,0.021,1.2,0.063,,,2.0,11.302,900.1
513,-12.421999999999999,1.61,0.02,1.1,0.075,,,2.0,11.322,900.9
514,-12.442,1.61,0.02,1.1,0.003,,,2.0,11.342,901.8
515,-12.462,1.73,0.018,0.9,0.027,,,2.0,11.362,902.7
516,-12.482,1.85,0.016,0.8,0.086,,,2.0,11.382,903.6
517,-12.501999999999999,1.85,0.017,0.8,0.059,,,2.0,11.402,904.5
518,-12.522,2.21,0.017,0.8,0.123,,,2.0,11.422,905.3
519,-12.541,2.52,,,0.108,,,2.0,11.441,906.2
520,-12.561,2.27,0.015,0.6,-0.008,,,2.0,11.461,907.1
521,-12.581,2.14,0.015,0.6,0.045,,,2.0,11.481,908.0
522,-12.600999999999999,2.24,0.016,0.6,0.119,,,2.0,11.501,908.9
523,-12.621,2.47,0.018,0.7,0.106,,,2.0,11.521,909.7
524,-12.661,2.8,0.024,1.0,-0.005,,,2.0,11.561,932.5
525,-12.681,2.45,0.029,1.4,0.063,,,2.0,11.581,933.4
526,-12.701,2.21,0.032,1.7,0.054,,,2.0,11.601,934.2
527,-12.721,1.82,0.031,1.7,0.085,,,2.0,11.621,935.1
528,-12.741,1.43,0.029,1.8,0.113,,,2.0,11.641,936.0
529,-12.761,1.19,0.026,1.8,0.105,,,2.0,11.661,936.8
530,-12.780999999999999,1.0,0.025,1.8,0.125,,,2.0,11.681,937.7
531,-12.801,1.06,0.022,1.7,0.168,,,2.0,11.701,938.6
532,-12.821,1.29,0.021,1.7,0.173,,,2.0,11.721,939.4
533,-12.841,1.43,0.022,1.8,0.068,,,2.0,11.741,940.3
534,-12.860999999999999,1.42,0.02,1.6,0.12,,,2.0,11.761,941.2
535,-12.881,1.27,0.021,1.7,0.11,,,2.0,11.781,942.1
536,-12.901,1.15,0.02,1.7,0.042,,,2.0,11.801,943.0
537,-12.921,1.12,0.019,1.7,0.137,,,2.0,11.821,943.8
538,-12.940999999999999,1.02,0.019,1.7,0.135,,,2.0,11.841,944.7
539,-12.961,0.99,0.015,1.4,0.092,,,2.0,11.861,945.6
540,-12.981,0.86,0.017,1.6,0.163,,,2.0,11.881,946.5
541,-13.001,1.0,0.018,1.7,0.17,,,2.0,11.901,947.4
542,-13.020999999999999,1.17,0.016,1.5,0.149,,,2.0,11.921,948.2
543,-13.041,1.1,0.016,1.5,0.13,,,2.0,11.941,949.0
544,-13.061,1.02,0.018,1.7,0.133,,,2.0,11.961,949.9
545,-13.081,1.05,0.02,1.9,0.161,,,2.0,11.981,950.8
546,-13.100999999999999,1.06,0.021,2.1,0.125,,,2.0,12.001,951.7
547,-13.121,0.98,0.019,1.9,0.146,,,2.0,12.021,952.6
548,-13.141,0.91,0.018,1.8,0.136,,,2.0,12.041,953.4
549,-13.161,0.86,0.017,1.6,0.15,,,2.0,12.061,954.3
550,-13.181,0.81,0.017,1.5,0.183,,,2.0,12.081,955.1
551,-13.201,0.98,0.017,1.5,0.215,,,2.0,12.101,956.0
552,-13.221,1.28,0.017,1.4,0.147,,,2.0,12.121,956.9
553,-13.241,1.45,0.016,1.2,0.11,,,2.0,12.141,957.8
554,-13.261,1.39,0.017,1.1,0.046,,,2.0,12.161,958.7
555,-13.280999999999999,1.38,0.02,1.3,0.069,,,2.0,12.181,959.5
556,-13.301,1.52,0.022,1.3,0.094,,,2.0,12.201,960.4
557,-13.321,1.76,0.021,1.2,0.106,,,2.0,12.221,961.3
558,-13.341,1.71,0.023,1.3,-0.015,,,2.0,12.241,962.1
559,-13.360999999999999,1.7,0.023,1.3,0.015,,,2.0,12.261,963.0
560,-13.381,1.78,0.023,1.2,-0.005,,,2.0,12.281,963.8
561,-13.401,1.73,0.019,1.0,0.054,,,2.0,12.301,964.7
562,-13.421,1.58,0.018,0.9,0.054,,,2.0,12.321,965.6
563,-13.440999999999999,1.8,0.019,0.8,0.121,,,2.0,12.341,966.5
564,-13.459999999999999,2.21,0.019,0.8,0.104,,,2.0,12.36,967.3
565,-13.48,2.42,0.019,0.7,-0.024,,,2.0,12.38,968.2
566,-13.5,2.62,0.017,0.6,-0.052,,,2.0,12.4,969.0
567,-13.52,3.01,0.02,0.7,-0.021,,,2.0,12.42,970.0
568,-13.54,3.27,0.023,0.8,0.056,,,2.0,12.44,970.8
569,-13.56,3.07,0.018,0.6,-0.015,,,2.0,12.46,971.7
570,-13.58,2.57,0.018,0.6,-0.034,,,2.0,12.48,972.6
571,-13.6,2.45,0.019,0.6,0.052,,,2.0,12.5,973.4
572,-13.62,2.83,0.022,0.7,0.137,,,2.0,12.52,974.3
573,-13.639999999999999,2.87,0.023,0.8,0.062,,,2.0,12.54,975.2
574,-13.66,2.97,0.022,0.7,-0.044,,,2.0,12.56,997.1
575,-13.68,2.93,0.021,0.7,0.019,,,2.0,12.58,997.9
576,-13.7,2.88,0.023,0.7,0.13,,,2.0,12.6,998.8
577,-13.719999999999999,2.98,0.025,0.8,0.115,,,2.0,12.62,999.7
578,-13.74,3.12,0.024,0.7,0.125,,,2.0,12.64,1000.6
579,-13.76,3.17,0.023,0.7,0.162,,,2.0,12.66,1001.5
580,-13.78,3.33,0.026,0.8,0.15,,,2.0,12.68,1002.3
581,-13.799999999999999,3.41,0.027,0.8,0.144,,,2.0,12.7,1003.2
582,-13.82,3.23,0.027,0.9,0.117,,,2.0,12.72,1004.1
583,-13.84,2.92,0.027,0.9,0.126,,,2.0,12.74,1004.9
584,-13.86,2.64,0.026,0.9,0.167,,,2.0,12.76,1005.9
585,-13.879999999999999,2.53,0.027,1.0,0.16,,,2.0,12.78,1006.7
586,-13.9,2.57,0.027,1.0,0.134,,,2.0,12.8,1007.5
587,-13.92,2.45,0.025,1.0,0.138,,,2.0,12.82,1008.5
588,-13.94,2.31,0.025,1.1,0.138,,,2.0,12.84,1009.4
589,-13.959999999999999,2.25,0.026,1.1,0.112,,,2.0,12.86,1010.2
590,-13.98,2.13,0.026,1.2,0.185,,,2.0,12.88,1011.1
591,-14.0,2.06,0.025,1.1,0.194,,,2.0,12.9,1011.9
592,-14.02,1.87,0.021,0.9,0.18,,,2.0,12.92,1012.8
593,-14.04,1.75,0.017,0.7,0.142,,,2.0,12.94,1013.6
594,-14.06,1.95,0.016,0.7,0.185,,,3.0,12.96,1014.6
595,-14.08,2.54,0.019,0.8,0.122,,,2.0,12.98,1015.5
596,-14.1,2.9,0.022,0.9,-0.015,,,2.0,13.0,1016.3
597,-14.12,2.59,0.024,1.0,-0.038,,,2.0,13.02,1017.2
598,-14.139999999999999,2.24,0.029,1.3,0.041,,,3.0,13.04,1018.0
599,-14.16,1.96,0.03,1.4,0.174,,,3.0,13.06,1018.9
600,-14.18,1.78,0.029,1.4,0.149,,,3.0,13.08,1019.8
601,-14.2,1.58,0.028,1.4,0.045,,,3.0,13.1,1020.7
602,-14.219999999999999,1.75,0.026,1.4,0.082,,,3.0,13.12,1021.6
603,-14.238999999999999,1.94,0.025,1.3,0.054,,,3.0,13.139,1022.4
604,-14.259,1.99,0.022,1.1,0.031,,,3.0,13.159,1023.3
605,-14.279,1.93,0.018,0.9,-0.02,,,3.0,13.179,1024.1
606,-14.299,1.7,0.018,0.9,0.179,,,3.0,13.199,1025.0
607,-14.318999999999999,2.0,0.024,1.2,0.071,,,3.0,13.219,1025.9
608,-14.339,2.48,0.027,1.4,0.134,,,3.0,13.239,1026.8
609,-14.359,2.18,0.026,1.4,-0.005,,,3.0,13.259,1027.6
610,-14.379,1.67,0.026,1.5,0.055,,,3.0,13.279,1028.5
611,-14.399,1.44,0.026,1.5,0.186,,,3.0,13.299,1029.4
612,-14.419,1.33,0.025,1.5,0.19,,,3.0,13.319,1030.2
613,-14.439,1.28,0.024,1.4,0.156,,,3.0,13.339,1031.1
614,-14.459,1.3,0.022,1.2,0.115,,,3.0,13.359,1032.0
615,-14.479,1.66,0.018,0.9,0.215,,,3.0,13.379,1032.9
616,-14.498999999999999,2.18,0.018,0.9,0.108,,,3.0,13.399,1033.8
617,-14.519,2.22,0.018,0.8,0.099,,,3.0,13.419,1034.6
618,-14.539,2.31,0.023,1.0,0.124,,,3.0,13.439,1035.5
619,-14.559,2.54,0.027,1.2,0.083,,,3.0,13.459,1036.3
620,-14.578999999999999,2.23,0.026,1.1,0.14,,,3.0,13.479,1037.2
621,-14.599,1.94,0.028,1.2,0.007,,,3.0,13.499,1038.0
622,-14.619,1.92,0.031,1.4,-0.005,,,3.0,13.519,1039.0
623,-14.639,2.02,0.033,1.6,0.15,,,3.0,13.539,1039.8
624,-14.658999999999999,2.32,0.033,1.6,-0.037,,,3.0,13.559,1061.7
625,-14.679,2.05,0.031,1.4,-0.048,,,3.0,13.579,1062.6
626,-14.699,1.88,0.026,1.1,0.071,,,3.0,13.599,1063.5
627,-14.719,1.78,0.027,1.1,0.143,,,3.0,13.619,1064.3
628,-14.738999999999999,1.99,0.028,1.2,0.069,,,3.0,13.639,1065.3
629,-14.759,2.84,0.028,1.2,0.096,,,3.0,13.659,1066.1
630,-14.779,2.8,0.03,1.3,0.033,,,3.0,13.679,1067.0
631,-14.799,2.4,0.027,1.1,-0.024,,,3.0,13.699,1067.9
632,-14.818999999999999,2.05,0.025,1.0,0.012,,,3.0,13.719,1068.7
633,-14.839,2.07,0.025,1.0,0.075,,,3.0,13.739,1069.6
634,-14.859,2.25,0.023,1.0,0.148,,,3.0,13.759,1070.5
635,-14.879,2.33,0.022,1.0,0.018,,,3.0,13.779,1071.4
636,-14.899,2.38,0.025,1.2,-0.014,,,3.0,13.799,1072.2
637,-14.919,2.2,0.026,1.4,0.036,,,3.0,13.819,1073.1
638,-14.937999999999999,1.74,0.027,1.6,0.038,,,3.0,13.838,1074.0
639,-14.958,1.32,0.025,1.6,0.114,,,3.0,13.858,1074.9
640,-14.978,1.1,0.024,1.7,0.124,,,3.0,13.878,1075.7
641,-14.998,0.99,0.021,1.6,0.139,,,3.0,13.898,1076.6
642,-15.017999999999999,0.93,0.018,1.4,0.171,,,3.0,13.918,1077.5
643,-15.038,1.18,0.013,1.0,0.227,,,3.0,13.938,1078.3
644,-15.058,1.56,0.012,0.9,0.178,,,3.0,13.958,1079.2
645,-15.078,1.61,0.014,1.1,0.152,,,3.0,13.978,1080.1
646,-15.097999999999999,1.47,0.015,1.1,0.188,,,3.0,13.998,1080.9
647,-15.118,1.28,0.017,1.3,0.211,,,3.0,14.018,1081.8
648,-15.138,1.06,0.018,1.5,0.205,,,3.0,14.038,1082.7
649,-15.158,1.01,0.016,1.5,0.127,,,3.0,14.058,1083.6
650,-15.177999999999999,0.9,0.015,1.5,0.192,,,3.0,14.078,1084.4
651,-15.198,0.88,0.013,1.4,0.207,,,3.0,14.098,1085.3
652,-15.218,0.88,0.01,1.1,0.218,,,3.0,14.118,1086.3
653,-15.238,0.84,0.01,1.2,0.227,,,3.0,14.138,1087.1
654,-15.258,0.81,0.008,1.0,0.228,,,3.0,14.158,1088.0
655,-15.278,0.77,0.008,1.0,0.245,,,3.0,14.178,1088.8
656,-15.298,0.73,0.008,1.0,0.268,,,3.0,14.198,1089.7
657,-15.318,0.73,0.008,1.0,0.288,,,3.0,14.218,1090.5
658,-15.338,0.75,0.008,1.0,0.311,,,3.0,14.238,1091.4
659,-15.357999999999999,0.79,0.008,1.0,0.342,,,3.0,14.258,1092.2
660,-15.378,0.81,0.008,1.0,0.299,,,3.0,14.278,1093.1
661,-15.398,0.78,0.008,1.0,0.293,,,3.0,14.298,1094.0
662,-15.418,0.77,0.009,1.1,0.318,,,3.0,14.318,1094.9
663,-15.437999999999999,0.79,0.01,1.2,0.336,,,3.0,14.338,1095.8
664,-15.458,0.82,0.009,1.1,0.317,,,3.0,14.358,1096.6
665,-15.478,0.86,0.008,0.9,0.342,,,3.0,14.378,1097.5
666,-15.498,0.84,0.008,0.9,0.321,,,3.0,14.398,1098.4
667,-15.517999999999999,0.83,0.008,0.9,0.304,,,3.0,14.418,1099.3
668,-15.538,0.8,0.008,0.9,0.322,,,3.0,14.438,1100.2
669,-15.558,0.81,,,0.337,,,3.0,14.458,1101.0
670,-15.577,0.8,0.005,0.6,0.334,,,3.0,14.477,1101.9
671,-15.597,0.78,0.006,0.7,0.346,,,3.0,14.497,1102.7
672,-15.616999999999999,0.78,0.007,0.8,0.355,,,3.0,14.517,1103.6
673,-15.637,0.77,0.007,0.8,0.363,,,3.0,14.537,1104.4
674,-15.677,0.82,0.008,0.9,0.36,,,3.0,14.577,1127.2
675,-15.697,0.83,0.008,0.9,0.363,,,3.0,14.597,1128.1
676,-15.717,0.83,0.008,0.9,0.39,,,3.0,14.617,1129.0
677,-15.737,0.83,0.008,0.9,0.356,,,3.0,14.637,1129.9
678,-15.757,0.83,0.008,0.9,0.347,,,3.0,14.657,1130.7
679,-15.777,0.79,0.008,0.9,0.393,,,3.0,14.677,1131.6
680,-15.796999999999999,0.81,0.008,0.9,0.395,,,3.0,14.697,1132.5
681,-15.817,0.83,0.008,0.9,0.392,,,3.0,14.717,1133.4
682,-15.837,0.81,0.008,0.9,0.298,,,3.0,14.737,1134.2
683,-15.857,0.81,0.009,1.1,0.403,,,3.0,14.757,1135.1
684,-15.876999999999999,0.8,0.009,1.1,0.399,,,3.0,14.777,1136.0
685,-15.897,0.8,0.009,1.1,0.399,,,3.0,14.797,1136.8
686,-15.917,0.8,0.009,1.1,0.418,,,3.0,14.817,1137.7
687,-15.937,0.81,0.01,1.1,0.42,,,3.0,14.837,1138.6
688,-15.956999999999999,0.81,0.009,0.8,0.409,,,3.0,14.857,1139.5
689,-15.977,0.83,0.011,0.9,0.422,,,3.0,14.877,1140.4
690,-15.997,0.88,0.022,1.6,0.435,,,3.0,14.897,1141.2
691,-16.017,1.24,0.042,2.8,0.459,,,3.0,14.917,1142.1
692,-16.037,1.87,0.052,3.3,0.174,,,3.0,14.937,1142.9
693,-16.057000000000002,2.13,0.06,3.6,0.104,,,3.0,14.957,1143.8
694,-16.077,2.06,0.065,3.7,0.06,,,3.0,14.977,1144.7
695,-16.097,1.86,0.071,4.0,0.134,,,3.0,14.997,1145.6
696,-16.117,1.58,0.068,4.0,0.335,,,3.0,15.017,1146.5
697,-16.137,1.53,0.063,3.9,0.309,,,3.0,15.037,1147.3
698,-16.157,1.44,0.053,3.5,0.489,,,3.0,15.057,1148.2
699,-16.176000000000002,1.46,0.05,3.4,0.436,,,3.0,15.076,1149.1
700,-16.196,1.43,0.047,3.3,0.478,,,3.0,15.096,1149.9
701,-16.216,1.42,0.045,3.3,0.437,,,3.0,15.116,1150.8
702,-16.236,1.35,0.044,3.3,0.48,,,3.0,15.136,1151.7
703,-16.256,1.31,0.041,3.2,0.453,,,3.0,15.156,1152.5
704,-16.276,1.25,0.038,3.1,0.443,,,3.0,15.176,1153.4
705,-16.296,1.19,0.035,3.0,0.472,,,3.0,15.196,1154.3
706,-16.316,1.14,0.032,2.8,0.453,,,3.0,15.216,1155.1
707,-16.336000000000002,1.06,0.029,2.7,0.441,,,3.0,15.236,1156.0
708,-16.356,1.0,0.024,2.3,0.411,,,3.0,15.256,1156.9
709,-16.376,0.99,0.023,2.3,0.37,,,3.0,15.276,1157.7
710,-16.396,0.97,0.023,2.2,0.385,,,3.0,15.296,1158.7
711,-16.416,0.93,0.021,1.7,0.419,,,3.0,15.316,1159.5
712,-16.436,0.92,0.02,1.3,0.435,,,3.0,15.336,1160.3
713,-16.456,0.98,0.02,1.1,0.387,,,3.0,15.356,1161.2
714,-16.476,1.37,0.021,0.9,0.451,,,3.0,15.376,1162.1
715,-16.496000000000002,2.25,0.021,0.6,0.295,,,3.0,15.396,1162.9
716,-16.516000000000002,3.12,0.023,0.5,0.1,,,3.0,15.416,1163.9
717,-16.536,3.82,0.026,0.5,0.104,,,3.0,15.436,1164.8
718,-16.556,5.19,0.03,0.4,0.108,,,3.0,15.456,1165.6
719,-16.576,6.91,0.028,0.3,0.101,,,3.0,15.476,1166.5
720,-16.596,8.21,0.034,0.4,0.103,,,3.0,15.496,1167.4
721,-16.616,9.14,0.037,0.4,0.105,,,3.0,15.516,1168.3
722,-16.636,9.85,0.04,0.4,0.108,,,3.0,15.536,1169.1
723,-16.656,10.26,0.044,0.4,0.108,,,3.0,15.556,1170.1
724,-16.676000000000002,10.27,0.048,0.4,0.108,,,3.0,15.576,1191.9
725,-16.695,10.72,0.053,0.4,0.105,,,3.0,15.595,1192.8
726,-16.715,11.08,0.056,0.5,0.104,,,3.0,15.615,1193.7
727,-16.735,11.3,0.058,0.5,0.106,,,3.0,15.635,1194.6
728,-16.755,11.44,0.059,0.5,0.106,,,3.0,15.655,1195.4
729,-16.775000000000002,11.31,0.059,0.5,0.109,,,3.0,15.675,1196.3
730,-16.795,10.91,0.057,0.5,0.11,,,3.0,15.695,1197.2
731,-16.815,10.61,0.054,0.4,0.111,,,3.0,15.715,1198.0
732,-16.835,10.64,0.052,0.4,0.112,,,3.0,15.735,1198.9
733,-16.855,11.29,0.057,0.4,0.113,,,3.0,15.755,1199.8
734,-16.875,12.82,0.064,0.4,0.112,,,3.0,15.775,1200.7
735,-16.895,14.86,0.072,0.4,0.106,,,3.0,15.795,1201.6
736,-16.915,16.44,0.079,0.4,0.099,,,3.0,15.815,1202.5
737,-16.935000000000002,17.54,0.088,0.5,0.089,,,3.0,15.835,1203.4
738,-16.955000000000002,18.39,0.094,0.5,0.089,,,3.0,15.855,1204.2
739,-16.975,19.13,0.099,0.5,0.095,,,3.0,15.875,1205.1
740,-16.995,19.32,0.104,0.5,0.106,,,3.0,15.895,1206.0
741,-17.015,19.31,0.103,0.5,0.113,,,3.0,15.915,1206.8
742,-17.035,19.33,0.099,0.5,0.115,,,3.0,15.935,1207.7
743,-17.055,19.38,0.097,0.5,0.115,,,3.0,15.955,1208.6
744,-17.075,19.32,0.095,0.5,0.114,,,3.0,15.975,1209.5
745,-17.095,19.08,0.094,0.5,0.114,,,3.0,15.995,1210.4
746,-17.115000000000002,18.56,0.092,0.5,0.114,,,3.0,16.015,1211.2
747,-17.135,18.1,0.091,0.5,0.114,,,3.0,16.035,1212.1
748,-17.155,17.57,0.088,0.5,0.113,,,3.0,16.055,1213.0
749,-17.175,16.75,0.085,0.5,0.113,,,3.0,16.075,1213.8
750,-17.194000000000003,15.78,0.081,0.5,0.113,,,3.0,16.094,1214.7
751,-17.214000000000002,14.83,0.076,0.5,0.113,,,3.0,16.114,1215.6
752,-17.234,13.79,0.072,0.5,0.113,,,3.0,16.134,1216.5
753,-17.254,13.16,0.068,0.4,0.115,,,3.0,16.154,1217.4
754,-17.274,13.15,0.064,0.4,0.116,,,3.0,16.174,1218.2
755,-17.294,13.58,0.063,0.4,0.116,,,3.0,16.194,1219.1
756,-17.314,14.07,0.064,0.4,0.11,,,3.0,16.214,1220.0
757,-17.334000000000003,14.58,0.067,0.4,0.07,,,3.0,16.234,1220.8
758,-17.354000000000003,14.95,0.07,0.4,0.062,,,3.0,16.254,1221.7
759,-17.374000000000002,15.0,0.072,0.4,0.087,,,3.0,16.274,1222.6
760,-17.394000000000002,15.16,0.076,0.4,0.102,,,3.0,16.294,1223.5
761,-17.414,15.53,0.079,0.4,0.111,,,3.0,16.314,1224.3
762,-17.434,16.0,0.08,0.4,0.114,,,3.0,16.334,1225.2
763,-17.454,16.7,0.083,0.4,0.109,,,3.0,16.354,1226.1
764,-17.474,17.85,0.086,0.4,0.11,,,3.0,16.374,1227.0
765,-17.494,18.97,0.088,0.4,0.108,,,3.0,16.394,1227.9
766,-17.514000000000003,19.71,0.091,0.4,0.108,,,3.0,16.414,1228.7
767,-17.534000000000002,20.37,0.093,0.4,0.111,,,3.0,16.434,1229.6
768,-17.554000000000002,20.88,0.095,0.4,0.112,,,3.0,16.454,1230.5
769,-17.574,21.06,,,0.113,,,3.0,16.474,1231.4
770,-17.594,20.66,0.075,0.3,0.113,,,4.0,16.494,1232.3
771,-17.614,20.16,0.081,0.3,0.114,,,4.0,16.514,1233.1
772,-17.633000000000003,20.29,0.088,0.4,0.115,,,4.0,16.533,1234.1
773,-17.653000000000002,21.0,0.093,0.4,0.114,,,4.0,16.553,1234.9
774,-17.693,20.7,0.101,0.5,0.113,,,4.0,16.593,1257.8
775,-17.713,20.26,0.102,0.5,0.113,,,4.0,16.613,1258.7
776,-17.733,19.8,0.103,0.5,0.112,,,4.0,16.633,1259.5
777,-17.753,19.48,0.103,0.5,0.11,,,4.0,16.653,1260.4
778,-17.773,19.22,0.101,0.5,0.109,,,4.0,16.673,1261.3
779,-17.793000000000003,18.82,0.103,0.5,0.109,,,4.0,16.693,1262.2
780,-17.813000000000002,18.64,0.107,0.5,0.113,,,4.0,16.713,1263.0
781,-17.833000000000002,18.86,0.109,0.5,0.116,,,4.0,16.733,1263.9
782,-17.853,19.2,0.11,0.5,0.114,,,4.0,16.753,1264.8
783,-17.873,19.33,0.111,0.5,0.113,,,4.0,16.773,1265.6
784,-17.893,19.13,0.113,0.5,0.111,,,4.0,16.793,1266.5
785,-17.913,18.82,0.116,0.6,0.111,,,4.0,16.813,1267.5
786,-17.933,19.0,0.117,0.6,0.112,,,4.0,16.833,1268.3
787,-17.953000000000003,19.3,0.116,0.6,0.109,,,4.0,16.853,1269.2
788,-17.973000000000003,19.43,0.116,0.6,0.112,,,4.0,16.873,1270.0
789,-17.993000000000002,19.28,0.115,0.6,0.113,,,4.0,16.893,1270.9
790,-18.013,18.83,0.114,0.5,0.115,,,4.0,16.913,1271.8
791,-18.032,18.65,0.11,0.5,0.115,,,4.0,16.932,1272.7
792,-18.052000000000003,19.06,0.107,0.5,0.115,,,4.0,16.952,1273.6
793,-18.072000000000003,19.64,0.106,0.5,0.113,,,4.0,16.972,1274.5
794,-18.092000000000002,20.2,0.106,0.5,0.114,,,4.0,16.992,1275.3
795,-18.112000000000002,20.41,0.108,0.5,0.107,,,4.0,17.012,1276.3
796,-18.132,20.34,0.109,0.5,0.102,,,4.0,17.032,1277.1
797,-18.152,20.04,0.109,0.5,0.099,,,4.0,17.052,1278.0
798,-18.172,19.32,0.108,0.5,0.098,,,4.0,17.072,1278.8
799,-18.192,18.64,0.108,0.5,0.102,,,4.0,17.092,1279.7
800,-18.212,18.27,0.107,0.5,0.11,,,4.0,17.112,1280.6
801,-18.232000000000003,18.04,0.102,0.5,0.113,,,4.0,17.132,1281.5
802,-18.252000000000002,17.54,0.097,0.5,0.116,,,4.0,17.152,1282.4
803,-18.272000000000002,17.23,0.096,0.5,0.119,,,4.0,17.172,1283.2
804,-18.292,17.3,0.096,0.5,0.12,,,4.0,17.192,1284.1
805,-18.312,17.84,0.096,0.5,0.119,,,4.0,17.212,1285.0
806,-18.332,18.03,0.097,0.5,0.118,,,4.0,17.232,1285.9
807,-18.352,17.7,0.099,0.5,0.118,,,4.0,17.252,1286.7
808,-18.372,17.13,0.1,0.5,0.115,,,4.0,17.272,1287.6
809,-18.392000000000003,16.65,0.097,0.5,0.112,,,4.0,17.292,1288.4
810,-18.411,16.41,0.094,0.5,0.111,,,4.0,17.311,1289.3
811,-18.431,16.46,0.093,0.5,0.113,,,4.0,17.331,1290.2
812,-18.451,16.73,0.091,0.5,0.121,,,4.0,17.351,1291.0
813,-18.471,16.96,0.09,0.5,0.124,,,4.0,17.371,1291.9
814,-18.491,16.8,0.091,0.5,0.125,,,4.0,17.391,1292.8
815,-18.511000000000003,16.48,0.096,0.5,0.125,,,4.0,17.411,1293.7
816,-18.531000000000002,16.2,0.102,0.6,0.124,,,4.0,17.431,1294.5
817,-18.551000000000002,15.86,0.107,0.6,0.123,,,4.0,17.451,1295.4
818,-18.571,15.39,0.109,0.7,0.122,,,4.0,17.471,1296.3
819,-18.591,14.83,,,0.123,,,4.0,17.491,1297.2
820,-18.611,14.23,0.088,0.6,0.126,,,4.0,17.511,1298.0
821,-18.631,13.74,0.09,0.6,0.127,,,4.0,17.531,1298.9
822,-18.651,13.42,0.09,0.6,0.127,,,4.0,17.551,1299.8
823,-18.671000000000003,13.19,0.09,0.6,0.128,,,4.0,17.571,1300.7
824,-18.711000000000002,12.86,0.087,0.6,0.13,,,4.0,17.611,1323.5
825,-18.731,12.87,0.086,0.6,0.13,,,4.0,17.631,1324.4
826,-18.75,12.96,0.085,0.6,0.13,,,4.0,17.65,1325.3
827,-18.770000000000003,13.07,0.085,0.6,0.13,,,4.0,17.67,1326.2
828,-18.790000000000003,13.2,0.085,0.6,0.13,,,4.0,17.69,1327.0
829,-18.810000000000002,13.39,0.084,0.6,0.13,,,4.0,17.71,1327.9
830,-18.830000000000002,13.67,0.084,0.5,0.131,,,4.0,17.73,1328.8
831,-18.85,14.11,0.084,0.5,0.131,,,4.0,17.75,1329.6
832,-18.87,14.82,0.085,0.5,0.131,,,4.0,17.77,1330.5
833,-18.89,15.7,0.086,0.5,0.131,,,4.0,17.79,1331.5
834,-18.91,16.61,0.088,0.5,0.132,,,4.0,17.81,1332.3
835,-18.93,17.45,0.09,0.5,0.132,,,4.0,17.83,1333.2
836,-18.950000000000003,18.01,0.094,0.5,0.132,,,4.0,17.85,1334.0
837,-18.970000000000002,18.18,0.097,0.5,0.132,,,4.0,17.87,1334.9
838,-18.990000000000002,18.16,0.1,0.5,0.13,,,4.0,17.89,1335.8
839,-19.01,18.12,0.103,0.5,0.129,,,4.0,17.91,1336.7
840,-19.03,18.35,0.103,0.5,0.124,,,4.0,17.93,1337.6
841,-19.05,18.68,0.103,0.5,0.12,,,4.0,17.95,1338.5
842,-19.069000000000003,18.9,0.106,0.5,0.123,,,4.0,17.969,1339.3
843,-19.089000000000002,19.2,0.109,0.5,0.13,,,4.0,17.989,1340.2
844,-19.109,19.53,0.111,0.5,0.132,,,4.0,18.009,1341.1
845,-19.129,19.66,0.112,0.5,0.131,,,4.0,18.029,1341.9
846,-19.149,19.44,0.113,0.6,0.13,,,4.0,18.049,1342.9
847,-19.169,18.77,0.113,0.6,0.129,,,4.0,18.069,1343.8
848,-19.189,17.93,0.11,0.6,0.128,,,4.0,18.089,1344.6
849,-19.209000000000003,16.99,0.105,0.6,0.131,,,4.0,18.109,1345.5
850,-19.229000000000003,16.1,0.1,0.6,0.132,,,4.0,18.129,1346.3
851,-19.249000000000002,15.51,0.096,0.6,0.133,,,4.0,18.149,1347.2
852,-19.269000000000002,15.12,0.092,0.5,0.133,,,4.0,18.169,1348.0
853,-19.289,14.95,0.091,0.5,0.132,,,4.0,18.189,1348.9
854,-19.309,14.9,0.089,0.5,0.132,,,4.0,18.209,1349.8
855,-19.329,14.94,0.089,0.5,0.133,,,4.0,18.229,1350.7
856,-19.349,14.94,0.089,0.5,0.134,,,4.0,18.249,1351.5
857,-19.368000000000002,15.03,0.088,0.5,0.134,,,4.0,18.268,1352.4
858,-19.388,15.35,0.088,0.5,0.134,,,4.0,18.288,1353.3
859,-19.408,15.95,0.088,0.5,0.135,,,4.0,18.308,1354.1
860,-19.428,16.8,0.091,0.5,0.134,,,4.0,18.328,1355.0
861,-19.448,17.57,0.095,0.5,0.135,,,4.0,18.348,1355.8
862,-19.468,17.85,0.099,0.5,0.135,,,4.0,18.368,1356.8
863,-19.488000000000003,17.59,0.102,0.5,0.135,,,4.0,18.388,1357.6
864,-19.508000000000003,17.46,0.103,0.5,0.134,,,4.0,18.408,1358.5
865,-19.528000000000002,17.41,0.103,0.5,0.134,,,4.0,18.428,1359.3
866,-19.548000000000002,17.23,0.1,0.5,0.132,,,4.0,18.448,1360.3
867,-19.568,17.08,0.099,0.5,0.134,,,4.0,18.468,1361.2
868,-19.588,17.19,,,0.134,,,4.0,18.488,1362.0
869,-19.608,17.67,0.083,0.4,0.137,,,4.0,18.508,1362.9
870,-19.628,18.19,0.088,0.4,0.137,,,4.0,18.528,1363.8
871,-19.647000000000002,18.33,0.092,0.5,0.137,,,4.0,18.547,1364.7
872,-19.667,18.11,0.096,0.5,0.137,,,4.0,18.567,1365.5
873,-19.707,17.4,0.103,0.5,0.138,,,4.0,18.607,1388.4
874,-19.727,17.54,0.103,0.6,0.137,,,4.0,18.627,1389.3
875,-19.747,17.62,0.102,0.6,0.137,,,5.0,18.647,1390.2
876,-19.767000000000003,17.09,0.101,0.6,0.137,,,4.0,18.667,1391.0
877,-19.787000000000003,16.4,0.099,0.5,0.138,,,5.0,18.687,1391.9
878,-19.807000000000002,15.97,0.098,0.5,0.139,,,5.0,18.707,1392.7
879,-19.827,15.98,0.098,0.6,0.139,,,5.0,18.727,1393.7
880,-19.847,16.24,0.096,0.6,0.14,,,5.0,18.747,1394.5
881,-19.867,15.99,0.096,0.6,0.139,,,5.0,18.767,1395.4
882,-19.887,15.48,0.095,0.6,0.139,,,5.0,18.787,1396.3
883,-19.907,15.06,0.094,0.5,0.139,,,5.0,18.807,1397.1
884,-19.926000000000002,14.85,0.095,0.6,0.139,,,5.0,18.826,1398.0
885,-19.946,15.16,0.097,0.6,0.14,,,5.0,18.846,1398.9
886,-19.966,16.09,0.098,0.6,0.139,,,5.0,18.866,1399.8
887,-19.986,16.77,0.099,0.6,0.14,,,5.0,18.886,1400.7
888,-20.006,16.47,0.099,0.6,0.141,,,5.0,18.906,1401.5
889,-20.026,15.65,0.1,0.6,0.141,,,5.0,18.926,1402.4
890,-20.046000000000003,14.85,0.099,0.6,0.14,,,5.0,18.946,1403.3
891,-20.066000000000003,14.34,0.096,0.6,0.14,,,5.0,18.966,1404.2
892,-20.086000000000002,13.99,0.093,0.6,0.14,,,5.0,18.986,1405.0
893,-20.106,13.76,0.09,0.6,0.14,,,5.0,19.006,1405.9
894,-20.126,13.68,0.088,0.6,0.141,,,5.0,19.026,1406.8
895,-20.146,13.89,0.088,0.5,0.142,,,5.0,19.046,1407.7
896,-20.166,14.49,0.089,0.5,0.142,,,5.0,19.066,1408.6
897,-20.185000000000002,15.78,0.093,0.5,0.143,,,5.0,19.085,1409.4
898,-20.205000000000002,17.06,0.098,0.6,0.143,,,5.0,19.105,1410.3
899,-20.225,17.46,0.102,0.6,0.143,,,5.0,19.125,1411.2
900,-20.245,17.35,0.105,0.6,0.144,,,5.0,19.145,1412.1
901,-20.265,16.85,0.107,0.6,0.137,,,5.0,19.165,1412.9
902,-20.285,16.36,0.108,0.6,0.139,,,5.0,19.185,1413.8
903,-20.305,16.11,0.107,0.6,0.135,,,5.0,19.205,1414.7
904,-20.325000000000003,15.92,0.105,0.6,0.14,,,5.0,19.225,1415.5
905,-20.345000000000002,15.96,0.102,0.6,0.142,,,5.0,19.245,1416.4
906,-20.365000000000002,16.46,0.1,0.5,0.144,,,5.0,19.265,1417.3
907,-20.385,17.24,0.099,0.5,0.144,,,5.0,19.285,1418.1
908,-20.405,17.57,0.097,0.5,0.144,,,5.0,19.305,1419.0
909,-20.424000000000003,17.33,0.096,0.5,0.139,,,5.0,19.324,1419.9
910,-20.444000000000003,17.23,0.096,0.5,0.14,,,5.0,19.344,1420.8
911,-20.464000000000002,17.69,0.098,0.5,0.142,,,5.0,19.364,1421.6
912,-20.484,18.62,0.103,0.5,0.14,,,5.0,19.384,1422.5
913,-20.504,19.33,0.109,0.5,0.139,,,5.0,19.404,1423.3
914,-20.524,19.52,0.116,0.6,0.141,,,5.0,19.424,1424.3
915,-20.544,19.44,0.123,0.6,0.143,,,5.0,19.444,1425.2
916,-20.564,19.0,0.128,0.7,0.142,,,5.0,19.464,1426.0
917,-20.584000000000003,18.24,0.128,0.7,0.14,,,5.0,19.484,1426.8
918,-20.604000000000003,17.3,0.103,0.6,0.14,,,5.0,19.504,1427.8
919,-20.624000000000002,16.33,0.102,0.6,0.142,,,5.0,19.524,1428.6
920,-20.644000000000002,15.54,0.1,0.6,0.145,,,5.0,19.544,1429.5
921,-20.663,15.12,0.098,0.6,0.145,,,5.0,19.563,1430.4
922,-20.683,15.11,0.095,0.6,0.146,,,5.0,19.583,1431.2
923,-20.703000000000003,15.21,0.094,0.5,0.148,,,5.0,19.603,1453.2
924,-20.723000000000003,15.81,0.094,0.5,0.148,,,5.0,19.623,1454.1
925,-20.743000000000002,16.29,0.095,0.5,0.148,,,5.0,19.643,1455.0
926,-20.763,16.34,0.097,0.5,0.148,,,5.0,19.663,1455.8
927,-20.783,16.46,0.099,0.5,0.147,,,5.0,19.683,1456.7
928,-20.803,17.0,0.1,0.5,0.146,,,5.0,19.703,1457.5
929,-20.823,17.67,0.101,0.5,0.145,,,5.0,19.723,1458.5
930,-20.843,18.19,0.104,0.5,0.145,,,5.0,19.743,1459.4
931,-20.863000000000003,18.54,0.107,0.5,0.148,,,5.0,19.763,1460.3
932,-20.882,18.4,0.111,0.6,0.148,,,5.0,19.782,1461.1
933,-20.902,18.04,0.113,0.6,0.147,,,5.0,19.802,1462.0
934,-20.922,17.92,0.116,0.6,0.145,,,5.0,19.822,1462.9
935,-20.942,17.89,0.117,0.6,0.141,,,5.0,19.842,1463.7
936,-20.962,17.73,0.117,0.6,0.141,,,5.0,19.862,1464.6
937,-20.982000000000003,17.22,0.115,0.6,0.146,,,5.0,19.882,1465.5
938,-21.002000000000002,16.77,0.114,0.6,0.149,,,5.0,19.902,1466.3
939,-21.022000000000002,16.55,0.112,0.6,0.149,,,5.0,19.922,1467.2
940,-21.042,16.41,0.109,0.6,0.148,,,5.0,19.942,1468.2
941,-21.062,16.23,0.108,0.6,0.149,,,5.0,19.962,1469.0
942,-21.082,16.23,0.106,0.6,0.15,,,5.0,19.982,1469.9
943,-21.101000000000003,16.44,0.104,0.6,0.15,,,5.0,20.001,1470.7
944,-21.121000000000002,16.91,0.104,0.6,0.15,,,5.0,20.021,1471.6
945,-21.141000000000002,17.34,0.104,0.5,0.151,,,5.0,20.041,1472.5
946,-21.161,17.7,0.106,0.6,0.151,,,5.0,20.061,1473.4
947,-21.181,17.98,0.11,0.6,0.151,,,5.0,20.081,1474.3
948,-21.201,18.34,0.114,0.6,0.151,,,5.0,20.101,1475.2
949,-21.221,18.12,0.117,0.6,0.15,,,5.0,20.121,1476.0
950,-21.241,17.34,0.118,0.7,0.149,,,5.0,20.141,1476.9
951,-21.261000000000003,16.38,0.117,0.7,0.149,,,5.0,20.161,1477.8
952,-21.281000000000002,15.61,0.111,0.6,0.149,,,5.0,20.181,1478.6
953,-21.301000000000002,15.18,0.105,0.6,0.15,,,5.0,20.201,1479.5
954,-21.32,15.2,0.1,0.6,0.152,,,5.0,20.22,1480.3
955,-21.34,15.52,0.094,0.5,0.153,,,5.0,20.24,1481.2
956,-21.360000000000003,16.12,0.092,0.5,0.153,,,5.0,20.26,1482.1
957,-21.380000000000003,16.88,0.092,0.5,0.154,,,5.0,20.28,1483.0
958,-21.400000000000002,17.37,0.092,0.5,0.154,,,5.0,20.3,1483.8
959,-21.42,17.16,0.094,0.5,0.154,,,5.0,20.32,1484.7
960,-21.44,16.53,0.095,0.5,0.154,,,5.0,20.34,1485.6
961,-21.46,15.93,0.096,0.5,0.153,,,5.0,20.36,1486.4
962,-21.48,15.56,0.097,0.5,0.153,,,5.0,20.38,1487.3
963,-21.5,15.59,0.098,0.6,0.153,,,5.0,20.4,1488.2
964,-21.519000000000002,16.07,0.099,0.6,0.153,,,5.0,20.419,1489.1
965,-21.539,16.73,0.101,0.6,0.153,,,5.0,20.439,1490.0
966,-21.559,16.94,0.104,0.6,0.153,,,5.0,20.459,1490.8
967,-21.579,16.82,0.107,0.6,0.154,,,5.0,20.479,1491.7
968,-21.599,16.43,,,0.154,,,5.0,20.499,1492.6
969,-21.619,15.79,0.092,0.6,0.153,,,5.0,20.519,1493.4
970,-21.639000000000003,15.09,0.095,0.6,0.151,,,5.0,20.539,1494.3
971,-21.659000000000002,14.42,0.097,0.6,0.151,,,5.0,20.559,1495.2
972,-21.679000000000002,13.72,0.097,0.7,0.154,,,5.0,20.579,1496.1
973,-21.718,12.03,0.093,0.7,0.158,,,5.0,20.618,1518.8
974,-21.738000000000003,11.46,0.088,0.7,0.158,,,5.0,20.638,1519.7
975,-21.758000000000003,11.06,0.085,0.6,0.159,,,5.0,20.658,1520.6
976,-21.778000000000002,10.99,0.086,0.6,0.158,,,5.0,20.678,1521.5
977,-21.798000000000002,11.77,0.086,0.6,0.159,,,5.0,20.698,1522.4
978,-21.818,13.65,0.091,0.6,0.16,,,5.0,20.718,1523.3
979,-21.838,15.52,0.1,0.6,0.16,,,5.0,20.738,1524.2
980,-21.858,16.74,0.109,0.6,0.15,,,5.0,20.758,1525.1
981,-21.878,17.2,0.115,0.7,0.149,,,5.0,20.778,1525.9
982,-21.897000000000002,17.4,0.117,0.7,0.152,,,5.0,20.797,1526.8
983,-21.917,17.06,0.118,0.7,0.152,,,5.0,20.817,1527.6
984,-21.937,16.1,0.117,0.7,0.158,,,5.0,20.837,1528.5
985,-21.957,15.28,0.112,0.7,0.158,,,5.0,20.857,1529.4
986,-21.977,14.65,0.105,0.6,0.159,,,5.0,20.877,1530.3
987,-21.997,14.28,0.099,0.6,0.159,,,5.0,20.897,1531.2
988,-22.017000000000003,14.28,0.096,0.6,0.16,,,5.0,20.917,1532.0
989,-22.037000000000003,14.6,0.095,0.5,0.161,,,5.0,20.937,1532.9
990,-22.057000000000002,15.35,0.097,0.5,0.161,,,5.0,20.957,1533.8
991,-22.077,16.67,0.099,0.5,0.161,,,5.0,20.977,1534.7
992,-22.096,18.14,0.105,0.5,0.161,,,5.0,20.996,1535.5
993,-22.116,19.33,0.113,0.6,0.161,,,5.0,21.016,1536.4
994,-22.136000000000003,20.25,0.121,0.6,0.161,,,6.0,21.036,1537.4
995,-22.156000000000002,20.29,0.127,0.6,0.161,,,5.0,21.056,1538.2
996,-22.176000000000002,19.97,0.13,0.6,0.16,,,6.0,21.076,1539.1
997,-22.196,19.18,0.129,0.6,0.157,,,6.0,21.096,1539.9
998,-22.216,18.07,0.124,0.6,0.156,,,6.0,21.116,1540.8
999,-22.236,17.33,0.119,0.6,0.158,,,6.0,21.136,1541.7
1000,-22.256,16.98,0.113,0.6,0.161,,,6.0,21.156,1542.6
1001,-22.275000000000002,16.97,0.107,0.6,0.161,,,6.0,21.175,1543.4
1002,-22.295,17.32,0.105,0.5,0.162,,,6.0,21.195,1544.3
1003,-22.315,17.95,0.103,0.5,0.162,,,6.0,21.215,1545.2
1004,-22.335,18.71,0.103,0.5,0.162,,,6.0,21.235,1546.0
1005,-22.355,19.05,0.103,0.5,0.163,,,6.0,21.255,1546.9
1006,-22.375,18.99,0.105,0.5,0.162,,,6.0,21.275,1547.8
1007,-22.395000000000003,18.6,0.105,0.5,0.163,,,6.0,21.295,1548.6
1008,-22.415000000000003,18.16,0.106,0.5,0.16,,,6.0,21.315,1549.5
1009,-22.435000000000002,17.61,0.107,0.6,0.154,,,6.0,21.335,1550.4
1010,-22.454,17.13,0.107,0.6,0.153,,,6.0,21.354,1551.3
1011,-22.474,16.78,0.108,0.6,0.151,,,6.0,21.374,1552.1
1012,-22.494,16.61,0.108,0.6,0.152,,,6.0,21.394,1553.0
1013,-22.514000000000003,16.46,0.107,0.6,0.161,,,6.0,21.414,1553.9
1014,-22.534000000000002,16.01,0.105,0.6,0.163,,,6.0,21.434,1554.8
1015,-22.554000000000002,15.33,0.103,0.6,0.164,,,6.0,21.454,1555.7
1016,-22.574,14.68,0.1,0.6,0.163,,,6.0,21.474,1556.5
1017,-22.594,14.37,,,0.164,,,6.0,21.494,1557.3
1018,-22.613000000000003,14.33,0.074,0.4,0.163,,,6.0,21.513,1558.2
1019,-22.633000000000003,14.67,0.074,0.4,0.163,,,6.0,21.533,1559.1
1020,-22.653000000000002,15.55,0.075,0.4,0.165,,,6.0,21.553,1560.0
1021,-22.673000000000002,16.73,0.076,0.4,0.166,,,6.0,21.573,1560.9
1022,-22.713,17.66,0.083,0.4,0.168,,,6.0,21.613,1583.7
1023,-22.733,17.7,0.086,0.4,0.167,,,6.0,21.633,1584.5
1024,-22.753,17.59,0.094,0.5,0.166,,,6.0,21.653,1585.4
1025,-22.773,17.74,0.101,0.5,0.163,,,6.0,21.673,1586.3
1026,-22.792,18.38,0.107,0.5,0.161,,,6.0,21.692,1587.2
1027,-22.812,19.48,0.112,0.5,0.159,,,6.0,21.712,1588.1
1028,-22.832,20.2,0.115,0.6,0.163,,,6.0,21.732,1589.0
1029,-22.852,19.92,0.119,0.6,0.167,,,6.0,21.752,1589.9
1030,-22.872,19.42,0.121,0.6,0.167,,,6.0,21.772,1590.7
1031,-22.892000000000003,19.17,0.122,0.6,0.165,,,6.0,21.792,1591.6
1032,-22.912000000000003,18.62,0.121,0.6,0.161,,,6.0,21.812,1592.5
1033,-22.932000000000002,17.9,0.12,0.6,0.16,,,6.0,21.832,1593.3
1034,-22.951,17.3,0.119,0.6,0.161,,,6.0,21.851,1594.3
1035,-22.971,16.94,0.118,0.6,0.165,,,6.0,21.871,1595.1
1036,-22.991,16.87,0.115,0.6,0.168,,,6.0,21.891,1596.0
1037,-23.011000000000003,16.47,0.109,0.6,0.168,,,6.0,21.911,1596.9
1038,-23.031000000000002,16.07,0.106,0.6,0.169,,,6.0,21.931,1597.7
1039,-23.051000000000002,16.04,0.107,0.6,0.17,,,6.0,21.951,1598.7
1040,-23.071,16.52,0.106,0.6,0.17,,,6.0,21.971,1599.5
1041,-23.091,16.99,0.107,0.6,0.17,,,6.0,21.991,1600.4
1042,-23.110000000000003,17.16,0.108,0.6,0.169,,,6.0,22.01,1601.2
1043,-23.130000000000003,16.91,0.11,0.6,0.17,,,6.0,22.03,1602.1
1044,-23.150000000000002,16.26,0.11,0.6,0.17,,,6.0,22.05,1603.0
1045,-23.17,15.46,0.108,0.6,0.17,,,6.0,22.07,1603.9
1046,-23.19,14.81,0.104,0.6,0.17,,,6.0,22.09,1604.7
1047,-23.21,14.32,0.099,0.6,0.17,,,6.0,22.11,1605.6
1048,-23.23,14.19,0.097,0.6,0.171,,,6.0,22.13,1606.5
1049,-23.249000000000002,14.44,0.093,0.5,0.172,,,6.0,22.149,1607.3
1050,-23.269000000000002,15.18,0.091,0.5,0.172,,,6.0,22.169,1608.2
1051,-23.289,16.54,0.091,0.5,0.172,,,6.0,22.189,1609.1
1052,-23.309,17.51,0.094,0.5,0.173,,,6.0,22.209,1610.0
1053,-23.329,18.08,0.096,0.5,0.173,,,6.0,22.229,1610.8
1054,-23.349,18.44,0.099,0.5,0.172,,,6.0,22.249,1611.7
1055,-23.369,18.21,0.099,0.5,0.172,,,6.0,22.269,1612.6
1056,-23.389000000000003,17.85,0.1,0.5,0.173,,,6.0,22.289,1613.5
1057,-23.408,17.52,0.099,0.5,0.168,,,6.0,22.308,1614.3
1058,-23.428,17.31,0.097,0.5,0.169,,,6.0,22.328,1615.3
1059,-23.448,17.32,0.098,0.5,0.171,,,6.0,22.348,1616.1
1060,-23.468,17.02,0.099,0.5,0.173,,,6.0,22.368,1617.0
1061,-23.488000000000003,16.68,0.1,0.6,0.173,,,6.0,22.388,1617.8
1062,-23.508000000000003,16.48,0.101,0.6,0.174,,,6.0,22.408,1618.7
1063,-23.528000000000002,16.34,0.101,0.6,0.174,,,6.0,22.428,1619.6
1064,-23.547,16.2,0.102,0.6,0.174,,,6.0,22.447,1620.5
1065,-23.567,15.66,0.103,0.6,0.174,,,6.0,22.467,1621.3
1066,-23.587,14.88,0.102,0.6,0.174,,,6.0,22.487,1622.2
1067,-23.607000000000003,14.2,0.088,0.6,0.175,,,6.0,22.507,1623.1
1068,-23.627000000000002,13.8,0.087,0.6,0.176,,,6.0,22.527,1623.9
1069,-23.647000000000002,13.59,0.087,0.6,0.176,,,6.0,22.547,1624.8
1070,-23.667,13.66,0.088,0.5,0.176,,,6.0,22.567,1625.7
1071,-23.687,13.99,0.087,0.5,0.175,,,6.0,22.587,1626.6
1072,-23.706000000000003,14.46,0.095,0.5,0.178,,,6.0,22.606,1648.4
1073,-23.726000000000003,16.01,0.1,0.5,0.178,,,6.0,22.626,1649.3
1074,-23.746000000000002,18.21,0.107,0.5,0.178,,,6.0,22.646,1650.2
1075,-23.766000000000002,20.49,0.114,0.5,0.178,,,6.0,22.666,1651.1
1076,-23.786,22.05,0.125,0.5,0.178,,,6.0,22.686,1651.9
1077,-23.806,23.19,0.137,0.5,0.178,,,6.0,22.706,1652.9
1078,-23.826,24.09,0.143,0.5,0.177,,,6.0,22.726,1653.8
1079,-23.845000000000002,25.04,0.148,0.5,0.174,,,6.0,22.745,1654.6
1080,-23.865000000000002,25.2,0.15,0.5,0.171,,,6.0,22.765,1655.5
1081,-23.885,25.66,0.153,0.5,0.174,,,6.0,22.785,1656.4
1082,-23.905,26.06,0.154,0.5,0.168,,,6.0,22.805,1657.3
1083,-23.925,26.22,0.15,0.5,0.173,,,6.0,22.825,1658.1
1084,-23.945,26.33,0.15,0.5,0.175,,,6.0,22.845,1659.0
1085,-23.965,26.31,0.147,0.5,0.175,,,6.0,22.865,1659.9
1086,-23.984,27.01,0.146,0.5,0.17,,,6.0,22.884,1660.8
1087,-24.004,27.87,0.145,0.5,0.172,,,6.0,22.904,1661.7
1088,-24.024,28.7,0.151,0.5,0.169,,,6.0,22.924,1662.6
1089,-24.044,28.94,0.157,0.5,0.17,,,7.0,22.944,1663.5
1090,-24.064,28.83,0.161,0.5,0.167,,,6.0,22.964,1664.5
1091,-24.084000000000003,28.0,0.161,0.5,0.171,,,7.0,22.984,1665.3
1092,-24.104000000000003,26.95,0.156,0.5,0.17,,,7.0,23.004,1666.2
1093,-24.123,25.2,0.15,0.5,0.168,,,7.0,23.023,1667.1
1094,-24.143,24.24,0.142,0.5,0.168,,,7.0,23.043,1668.0
1095,-24.163,24.07,0.135,0.5,0.17,,,7.0,23.063,1668.7
1096,-24.183,24.09,0.126,0.5,0.173,,,7.0,23.083,1669.7
1097,-24.203000000000003,23.43,0.121,0.5,0.174,,,7.0,23.103,1670.6
1098,-24.223000000000003,21.91,0.115,0.5,0.174,,,7.0,23.123,1671.4
1099,-24.242,20.05,0.11,0.5,0.171,,,7.0,23.142,1672.3
1100,-24.262,18.12,0.102,0.5,0.175,,,7.0,23.162,1673.1
1101,-24.282,16.5,0.096,0.5,0.174,,,7.0,23.182,1674.1
1102,-24.302000000000003,15.4,0.089,0.5,0.177,,,7.0,23.202,1674.9
1103,-24.322000000000003,14.65,0.087,0.5,0.177,,,7.0,23.222,1675.8
1104,-24.342000000000002,14.0,0.085,0.5,0.179,,,7.0,23.242,1676.6
1105,-24.362000000000002,13.69,0.085,0.5,0.18,,,7.0,23.262,1677.5
1106,-24.381,13.6,0.081,0.5,0.181,,,7.0,23.281,1678.3
1107,-24.401,13.97,0.077,0.4,0.179,,,7.0,23.301,1679.3
1108,-24.421000000000003,14.82,0.075,0.4,0.182,,,7.0,23.321,1680.2
1109,-24.441000000000003,16.14,0.075,0.4,0.182,,,7.0,23.341,1681.0
1110,-24.461000000000002,17.8,0.078,0.4,0.182,,,7.0,23.361,1681.9
1111,-24.481,19.59,0.083,0.4,0.183,,,7.0,23.381,1682.8
1112,-24.5,21.29,0.088,0.4,0.183,,,7.0,23.4,1683.7
1113,-24.520000000000003,22.86,0.093,0.4,0.183,,,7.0,23.42,1684.6
1114,-24.540000000000003,24.04,0.1,0.4,0.183,,,7.0,23.44,1685.5
1115,-24.560000000000002,24.98,0.105,0.4,0.182,,,7.0,23.46,1686.4
1116,-24.580000000000002,25.87,0.111,0.4,0.179,,,7.0,23.48,1687.3
1117,-24.6,26.06,,,0.18,,,7.0,23.5,1688.3
1118,-24.619,25.78,0.1,0.3,0.175,,,7.0,23.519,1689.2
1119,-24.639000000000003,25.04,0.113,0.4,0.178,,,7.0,23.539,1690.2
1120,-24.659000000000002,24.77,0.124,0.4,0.178,,,7.0,23.559,1691.2
1121,-24.679000000000002,25.05,0.133,0.5,0.173,,,7.0,23.579,1692.1
1122,-24.719,24.46,0.146,0.5,0.174,,,7.0,23.619,1715.2
1123,-24.739,24.55,0.148,0.5,0.177,,,7.0,23.639,1716.2
1124,-24.758000000000003,25.17,0.153,0.6,0.179,,,7.0,23.658,1717.2
1125,-24.778000000000002,26.1,0.156,0.6,0.182,,,7.0,23.678,1718.1
1126,-24.798000000000002,26.68,0.16,0.6,0.184,,,7.0,23.698,1719.1
1127,-24.818,26.33,0.164,0.6,0.183,,,7.0,23.718,1720.1
1128,-24.838,24.94,0.164,0.7,0.182,,,7.0,23.738,1721.1
1129,-24.858,22.58,0.159,0.7,0.181,,,7.0,23.758,1721.9
1130,-24.877000000000002,20.31,0.149,0.7,0.182,,,7.0,23.777,1722.8
1131,-24.897000000000002,18.56,0.136,0.7,0.184,,,7.0,23.797,1723.7
1132,-24.917,17.54,0.123,0.6,0.184,,,7.0,23.817,1724.6
1133,-24.937,17.04,0.113,0.6,0.186,,,7.0,23.837,1725.5
1134,-24.957,16.92,0.106,0.5,0.186,,,7.0,23.857,1726.4
1135,-24.977,17.09,0.1,0.5,0.188,,,7.0,23.877,1727.2
1136,-24.996000000000002,17.61,0.1,0.5,0.188,,,7.0,23.896,1728.1
1137,-25.016000000000002,18.48,0.104,0.5,0.188,,,7.0,23.916,1729.0
1138,-25.036,19.87,0.109,0.5,0.188,,,7.0,23.936,1729.9
1139,-25.056,21.45,0.114,0.5,0.188,,,7.0,23.956,1730.8
1140,-25.076,22.38,0.119,0.5,0.188,,,7.0,23.976,1731.6
1141,-25.095000000000002,22.32,0.124,0.5,0.188,,,7.0,23.995,1732.5
1142,-25.115000000000002,21.79,0.128,0.6,0.188,,,7.0,24.015,1733.4
1143,-25.135,21.16,0.129,0.6,0.189,,,7.0,24.035,1734.3
1144,-25.155,20.54,0.128,0.6,0.187,,,7.0,24.055,1735.2
1145,-25.175,19.85,0.127,0.6,0.188,,,7.0,24.075,1736.0
1146,-25.195,19.31,0.128,0.6,0.187,,,7.0,24.095,1736.9
1147,-25.214000000000002,19.1,0.129,0.6,0.187,,,7.0,24.114,1737.8
1148,-25.234,19.22,0.125,0.6,0.187,,,7.0,24.134,1738.7
1149,-25.254,19.33,0.123,0.6,0.189,,,7.0,24.154,1739.7
1150,-25.274,19.46,0.124,0.6,0.188,,,7.0,24.174,1740.5
1151,-25.294,20.15,0.129,0.6,0.19,,,7.0,24.194,1741.4
1152,-25.314,20.96,0.135,0.6,0.19,,,7.0,24.214,1742.3
1153,-25.333000000000002,21.69,0.139,0.6,0.19,,,7.0,24.233,1743.2
1154,-25.353,22.06,0.142,0.6,0.189,,,7.0,24.253,1744.2
1155,-25.373,22.24,0.146,0.6,0.19,,,7.0,24.273,1745.0
1156,-25.393,22.06,0.15,0.6,0.187,,,7.0,24.293,1746.0
1157,-25.413,22.19,0.155,0.6,0.187,,,7.0,24.313,1746.8
1158,-25.432000000000002,22.61,0.159,0.7,0.188,,,7.0,24.332,1747.8
1159,-25.452,22.97,0.161,0.7,0.188,,,7.0,24.352,1748.8
1160,-25.472,22.75,0.162,0.7,0.188,,,7.0,24.372,1749.8
1161,-25.492,22.4,0.16,0.7,0.189,,,7.0,24.392,1750.6
1162,-25.512,21.58,0.155,0.7,0.19,,,7.0,24.412,1751.6
1163,-25.532,20.58,0.147,0.6,0.189,,,7.0,24.432,1752.5
1164,-25.551000000000002,20.14,0.141,0.6,0.189,,,7.0,24.451,1753.3
1165,-25.571,20.3,0.136,0.6,0.19,,,7.0,24.471,1754.2
1166,-25.591,20.64,0.132,0.6,0.191,,,7.0,24.491,1755.0
1167,-25.611,20.75,,,0.19,,,7.0,24.511,1755.9
1168,-25.631,20.7,0.111,0.5,0.192,,,7.0,24.531,1756.8
1169,-25.650000000000002,20.65,0.112,0.5,0.191,,,7.0,24.55,1757.7
1170,-25.67,20.4,0.113,0.5,0.191,,,7.0,24.57,1758.5
1171,-25.69,20.36,0.116,0.5,0.192,,,7.0,24.59,1759.5
1172,-25.73,20.27,0.119,0.5,0.194,,,7.0,24.63,1782.3
1173,-25.75,20.25,0.121,0.5,0.192,,,7.0,24.65,1783.2
1174,-25.769000000000002,20.34,0.123,0.5,0.193,,,7.0,24.669,1784.1
1175,-25.789,20.53,0.125,0.5,0.192,,,7.0,24.689,1784.9
1176,-25.809,20.98,0.127,0.5,0.193,,,7.0,24.709,1785.8
1177,-25.829,21.54,0.128,0.5,0.195,,,7.0,24.729,1786.7
1178,-25.849,22.0,0.131,0.5,0.194,,,8.0,24.749,1787.6
1179,-25.868000000000002,22.6,0.135,0.5,0.194,,,8.0,24.768,1788.5
1180,-25.888,23.21,0.14,0.6,0.194,,,8.0,24.788,1789.4
1181,-25.908,23.83,0.146,0.6,0.194,,,8.0,24.808,1790.3
1182,-25.928,24.5,0.149,0.6,0.195,,,8.0,24.828,1791.2
1183,-25.948,24.67,0.151,0.6,0.194,,,8.0,24.848,1792.1
1184,-25.967000000000002,24.11,0.153,0.6,0.194,,,8.0,24.867,1793.0
1185,-25.987000000000002,23.67,0.159,0.6,0.194,,,8.0,24.887,1793.9
1186,-26.007,23.67,0.161,0.6,0.194,,,8.0,24.907,1794.8
1187,-26.027,23.95,0.162,0.7,0.194,,,8.0,24.927,1795.7
1188,-26.047,23.93,0.162,0.7,0.193,,,8.0,24.947,1796.6
1189,-26.066000000000003,23.12,0.161,0.7,0.191,,,8.0,24.966,1797.5
1190,-26.086000000000002,21.45,0.157,0.7,0.19,,,8.0,24.986,1798.4
1191,-26.106,19.31,0.149,0.7,0.194,,,8.0,25.006,1799.3
1192,-26.126,17.63,0.139,0.7,0.196,,,8.0,25.026,1800.1
1193,-26.146,16.5,0.129,0.7,0.196,,,8.0,25.046,1801.0
1194,-26.165000000000003,15.89,0.12,0.7,0.197,,,8.0,25.065,1801.9
1195,-26.185000000000002,15.62,0.113,0.6,0.198,,,8.0,25.085,1802.8
1196,-26.205000000000002,15.72,0.106,0.6,0.198,,,8.0,25.105,1803.6
1197,-26.225,16.3,0.106,0.5,0.199,,,8.0,25.125,1804.5
1198,-26.245,17.34,0.109,0.5,0.2,,,8.0,25.145,1805.4
1199,-26.264000000000003,18.94,0.117,0.6,0.2,,,8.0,25.164,1806.3
1200,-26.284000000000002,20.37,0.126,0.6,0.2,,,8.0,25.184,1807.2
1201,-26.304000000000002,21.17,0.135,0.6,0.2,,,8.0,25.204,1808.1
1202,-26.324,21.14,0.143,0.6,0.199,,,8.0,25.224,1809.0
1203,-26.344,20.83,0.148,0.7,0.196,,,8.0,25.244,1809.8
1204,-26.363000000000003,20.54,0.147,0.6,0.194,,,8.0,25.263,1810.7
1205,-26.383000000000003,20.36,0.145,0.6,0.193,,,8.0,25.283,1811.6
1206,-26.403000000000002,20.62,0.144,0.6,0.196,,,8.0,25.303,1812.5
1207,-26.423000000000002,21.74,0.145,0.6,0.198,,,8.0,25.323,1813.4
1208,-26.443,23.59,0.149,0.6,0.201,,,8.0,25.343,1814.2
1209,-26.462,25.17,0.155,0.6,0.201,,,8.0,25.362,1815.2
1210,-26.482000000000003,26.04,0.163,0.6,0.201,,,8.0,25.382,1816.2
1211,-26.502000000000002,26.21,0.172,0.6,0.2,,,8.0,25.402,1817.1
1212,-26.522000000000002,26.09,0.18,0.7,0.199,,,8.0,25.422,1818.0
1213,-26.541,25.59,0.184,0.7,0.199,,,8.0,25.441,1819.0
1214,-26.561,24.79,0.182,0.7,0.198,,,8.0,25.461,1820.0
1215,-26.581000000000003,24.16,0.179,0.7,0.197,,,8.0,25.481,1820.9
1216,-26.601000000000003,23.46,,,0.198,,,8.0,25.501,1821.9
1217,-26.621000000000002,23.06,0.149,0.6,0.199,,,8.0,25.521,1822.8
1218,-26.64,23.11,0.149,0.6,0.199,,,8.0,25.54,1823.8
1219,-26.66,23.3,0.149,0.6,0.204,,,8.0,25.56,1824.7
1220,-26.68,23.5,0.15,0.6,0.202,,,8.0,25.58,1825.8
1221,-26.720000000000002,23.38,0.155,0.6,0.203,,,8.0,25.62,1848.7
1222,-26.739,22.69,0.154,0.7,0.204,,,8.0,25.639,1849.6
1223,-26.759,21.81,0.153,0.7,0.203,,,8.0,25.659,1850.5
1224,-26.779,20.86,0.148,0.7,0.202,,,8.0,25.679,1851.4
1225,-26.799000000000003,19.66,0.138,0.6,0.202,,,8.0,25.699,1852.3
1226,-26.818,18.92,0.131,0.6,0.203,,,8.0,25.718,1853.1
1227,-26.838,18.7,0.127,0.6,0.204,,,8.0,25.738,1854.0
1228,-26.858,18.86,0.124,0.6,0.204,,,8.0,25.758,1854.9
1229,-26.878,19.37,0.12,0.6,0.205,,,8.0,25.778,1855.8
1230,-26.898,19.73,0.116,0.5,0.207,,,8.0,25.798,1856.6
1231,-26.917,19.78,0.114,0.5,0.206,,,8.0,25.817,1857.5
1232,-26.937,20.06,0.116,0.5,0.207,,,8.0,25.837,1858.4
1233,-26.957,20.99,0.118,0.5,0.206,,,8.0,25.857,1859.3
1234,-26.977,21.95,0.121,0.5,0.206,,,8.0,25.877,1860.2
1235,-26.996000000000002,22.73,0.13,0.5,0.206,,,8.0,25.896,1861.2
1236,-27.016000000000002,23.27,0.14,0.6,0.206,,,8.0,25.916,1862.0
1237,-27.036,23.57,0.149,0.6,0.203,,,8.0,25.936,1862.9
1238,-27.056,23.98,0.161,0.6,0.204,,,8.0,25.956,1863.8
1239,-27.075000000000003,23.97,0.169,0.7,0.201,,,8.0,25.975,1864.8
1240,-27.095000000000002,23.81,0.173,0.7,0.203,,,8.0,25.995,1865.7
1241,-27.115000000000002,23.76,0.176,0.7,0.204,,,8.0,26.015,1866.7
1242,-27.135,24.25,0.172,0.7,0.203,,,8.0,26.035,1867.7
1243,-27.155,24.92,0.17,0.6,0.205,,,8.0,26.055,1868.7
1244,-27.174000000000003,25.21,0.163,0.6,0.206,,,8.0,26.074,1869.8
1245,-27.194000000000003,25.17,0.155,0.6,0.207,,,8.0,26.094,1870.8
1246,-27.214000000000002,25.48,0.15,0.5,0.206,,,8.0,26.114,1871.8
1247,-27.234,25.95,0.149,0.5,0.222,,,8.0,26.134,1872.8
1248,-27.253,26.68,0.153,0.5,0.206,,,8.0,26.153,1873.9
1249,-27.273,27.67,0.16,0.5,0.207,,,8.0,26.173,1874.9
1250,-27.293000000000003,28.55,0.165,0.5,0.205,,,8.0,26.193,1875.9
1251,-27.313000000000002,28.92,0.172,0.6,0.2,,,8.0,26.213,1877.0
1252,-27.332,28.8,0.181,0.6,0.204,,,8.0,26.232,1878.1
1253,-27.352,28.36,0.191,0.7,0.198,,,8.0,26.252,1879.2
1254,-27.372,27.14,0.185,0.6,0.203,,,8.0,26.272,1880.2
1255,-27.392000000000003,25.7,0.182,0.7,0.22,,,8.0,26.292,1881.1
1256,-27.411,24.54,0.182,0.7,0.202,,,8.0,26.311,1882.1
1257,-27.431,24.19,0.182,0.7,0.213,,,8.0,26.331,1883.1
1258,-27.451,24.44,0.175,0.7,0.211,,,8.0,26.351,1884.0
1259,-27.471,24.41,0.178,0.7,0.206,,,8.0,26.371,1884.9
1260,-27.491,23.93,0.171,0.7,0.204,,,8.0,26.391,1885.9
1261,-27.51,23.84,0.165,0.7,0.207,,,9.0,26.41,1886.8
1262,-27.53,23.8,0.16,0.6,0.208,,,9.0,26.43,1887.7
1263,-27.55,23.16,0.155,0.6,0.209,,,9.0,26.45,1888.6
1264,-27.57,22.25,0.152,0.6,0.21,,,9.0,26.47,1889.5
1265,-27.589000000000002,21.68,0.15,0.6,0.21,,,9.0,26.489,1890.4
1266,-27.609,21.55,0.138,0.6,0.211,,,9.0,26.509,1891.3
1267,-27.629,21.96,0.133,0.6,0.211,,,9.0,26.529,1892.3
1268,-27.649,22.44,0.133,0.5,0.211,,,9.0,26.549,1893.2
1269,-27.668000000000003,22.35,0.131,0.5,0.211,,,9.0,26.568,1894.2
1270,-27.688000000000002,22.38,0.128,0.5,0.212,,,9.0,26.588,1895.2
1271,-27.708000000000002,22.38,0.127,0.5,0.213,,,9.0,26.608,1917.2
1272,-27.728,22.69,0.123,0.5,0.214,,,9.0,26.628,1918.2
1273,-27.747,23.06,0.128,0.5,0.215,,,9.0,26.647,1919.2
1274,-27.767000000000003,23.73,0.133,0.5,0.213,,,9.0,26.667,1920.2
1275,-27.787000000000003,24.65,0.142,0.5,0.211,,,9.0,26.687,1921.1
1276,-27.807000000000002,25.96,0.155,0.5,0.213,,,9.0,26.707,1922.2
1277,-27.826,27.72,0.173,0.6,0.21,,,9.0,26.726,1923.3
1278,-27.846,29.4,0.183,0.6,0.211,,,9.0,26.746,1924.4
1279,-27.866,30.74,0.199,0.6,0.212,,,9.0,26.766,1925.6
1280,-27.886000000000003,31.4,0.212,0.6,0.212,,,9.0,26.786,1926.8
1281,-27.905,31.8,0.222,0.6,0.213,,,9.0,26.805,1928.1
1282,-27.925,32.36,0.236,0.6,0.212,,,9.0,26.825,1929.5
1283,-27.945,33.38,0.247,0.7,0.211,,,9.0,26.845,1931.0
1284,-27.964000000000002,35.15,0.263,0.7,0.209,,,9.0,26.864,1932.5
1285,-27.984,37.25,0.28,0.7,0.213,,,9.0,26.884,1934.3
1286,-28.004,38.88,0.296,0.7,0.211,,,9.0,26.904,1936.2
1287,-28.024,39.43,0.313,0.8,0.21,,,9.0,26.924,1938.2
1288,-28.043000000000003,39.69,0.329,0.8,0.207,,,9.0,26.943,1940.2
1289,-28.063000000000002,39.97,0.341,0.8,0.21,,,9.0,26.963,1942.2
1290,-28.083000000000002,39.88,0.347,0.8,0.21,,,9.0,26.983,1944.1
1291,-28.103,39.26,0.35,0.9,0.206,,,9.0,27.003,1946.0
1292,-28.122,38.4,0.351,0.9,0.207,,,9.0,27.022,1947.8
1293,-28.142000000000003,37.7,0.35,0.9,0.208,,,9.0,27.042,1949.6
1294,-28.162000000000003,37.22,0.345,0.9,0.208,,,9.0,27.062,1951.4
1295,-28.182000000000002,36.5,0.335,0.9,0.207,,,9.0,27.082,1953.2
1296,-28.201,35.31,0.325,0.9,0.208,,,9.0,27.101,1954.8
1297,-28.221,34.06,0.314,0.9,0.206,,,9.0,27.121,1956.4
1298,-28.241,33.21,0.303,0.9,0.208,,,9.0,27.141,1957.9
1299,-28.261000000000003,32.29,0.287,0.8,0.207,,,9.0,27.161,1959.4
1300,-28.28,31.39,0.275,0.8,0.209,,,9.0,27.18,1960.8
1301,-28.3,30.6,0.266,0.8,0.208,,,9.0,27.2,1962.2
1302,-28.32,30.0,0.258,0.8,0.208,,,9.0,27.22,1963.5
1303,-28.339000000000002,29.55,0.252,0.8,0.211,,,9.0,27.239,1964.8
1304,-28.359,29.49,0.247,0.8,0.211,,,9.0,27.259,1966.2
1305,-28.379,29.48,0.24,0.8,0.209,,,9.0,27.279,1967.5
1306,-28.399,29.51,0.235,0.8,0.208,,,9.0,27.299,1968.9
1307,-28.418000000000003,29.42,0.228,0.7,0.207,,,9.0,27.318,1970.3
1308,-28.438000000000002,29.19,0.226,0.7,0.208,,,9.0,27.338,1971.8
1309,-28.458000000000002,28.73,0.227,0.8,0.202,,,9.0,27.358,1973.2
1310,-28.477,28.51,0.228,0.8,0.181,,,9.0,27.377,1974.7
1311,-28.497,28.37,0.227,0.8,0.17,,,9.0,27.397,1976.3
1312,-28.517000000000003,27.17,0.223,0.8,0.17,,,9.0,27.417,1977.9
1313,-28.537000000000003,25.14,0.22,0.9,0.204,,,9.0,27.437,1979.4
1314,-28.556,23.23,0.217,0.9,0.207,,,9.0,27.456,1980.9
1315,-28.576,21.73,0.207,0.9,0.212,,,9.0,27.476,1982.3
1316,-28.596,20.82,0.167,0.7,0.215,,,9.0,27.496,1983.6
1317,-28.616,20.17,0.159,0.7,0.217,,,9.0,27.516,1985.0
1318,-28.635,19.54,0.153,0.8,0.219,,,9.0,27.535,1986.4
1319,-28.655,18.88,0.147,0.8,0.219,,,9.0,27.555,1987.9
1320,-28.675,18.22,0.141,0.8,0.22,,,9.0,27.575,1989.5
1321,-28.694000000000003,17.1,0.134,0.7,0.221,,,9.0,27.594,2012.0
1322,-28.714000000000002,16.41,0.126,0.7,0.224,,,9.0,27.614,2013.2
1323,-28.734,15.52,0.117,0.7,0.223,,,9.0,27.634,2014.5
1324,-28.754,14.92,0.109,0.7,0.223,,,9.0,27.654,2015.8
1325,-28.773,14.64,0.102,0.6,0.223,,,9.0,27.673,2017.0
1326,-28.793000000000003,14.59,0.098,0.6,0.223,,,9.0,27.693,2018.2
1327,-28.813000000000002,14.71,0.096,0.6,0.223,,,9.0,27.713,2019.3
1328,-28.832,14.89,0.093,0.5,0.224,,,9.0,27.732,2020.5
1329,-28.852,15.17,0.092,0.5,0.224,,,9.0,27.752,2021.7
1330,-28.872,15.8,0.094,0.5,0.225,,,9.0,27.772,2022.8
1331,-28.892000000000003,16.93,0.098,0.5,0.226,,,9.0,27.792,2024.0
1332,-28.911,18.12,0.103,0.5,0.227,,,9.0,27.811,2025.1
1333,-28.931,18.78,0.109,0.6,0.227,,,9.0,27.831,2026.3
1334,-28.951,18.72,0.111,0.6,0.227,,,9.0,27.851,2027.4
1335,-28.970000000000002,17.89,0.112,0.6,0.229,,,9.0,27.87,2028.5
1336,-28.990000000000002,16.69,0.113,0.6,0.226,,,9.0,27.89,2029.5
1337,-29.01,15.9,0.112,0.6,0.225,,,9.0,27.91,2030.5
1338,-29.03,15.65,0.112,0.6,0.227,,,9.0,27.93,2031.6
1339,-29.049000000000003,15.6,0.114,0.7,0.228,,,9.0,27.949,2032.6
1340,-29.069000000000003,15.79,0.113,0.7,0.228,,,9.0,27.969,2033.6
1341,-29.089000000000002,15.89,0.116,0.7,0.228,,,9.0,27.989,2034.5
1342,-29.108,15.57,0.116,0.7,0.228,,,9.0,28.008,2035.5
1343,-29.128,14.91,0.113,0.7,0.228,,,9.0,28.028,2036.5
1344,-29.148,14.4,0.111,0.7,0.228,,,9.0,28.048,2037.5
1345,-29.167,14.11,0.105,0.7,0.229,,,9.0,28.067,2038.4
1346,-29.187,14.02,0.099,0.6,0.229,,,9.0,28.087,2039.3
1347,-29.207,14.2,0.093,0.6,0.231,,,9.0,28.107,2040.2
1348,-29.227,14.47,0.088,0.5,0.228,,,9.0,28.127,2041.0
1349,-29.246000000000002,14.75,0.085,0.5,0.229,,,9.0,28.146,2042.0
1350,-29.266000000000002,15.24,0.085,0.5,0.23,,,9.0,28.166,2042.8
1351,-29.286,15.89,0.084,0.5,0.231,,,9.0,28.186,2043.7
1352,-29.305,16.41,0.084,0.5,0.23,,,9.0,28.205,2044.6
1353,-29.325000000000003,16.85,0.085,0.4,0.23,,,10.0,28.225,2045.5
1354,-29.345000000000002,17.3,0.087,0.4,0.23,,,10.0,28.245,2046.3
1355,-29.364,17.97,0.089,0.4,0.231,,,10.0,28.264,2047.2
1356,-29.384,18.54,0.092,0.4,0.231,,,10.0,28.284,2048.1
1357,-29.404,18.98,0.091,0.4,0.23,,,10.0,28.304,2049.0
1358,-29.424000000000003,19.48,0.098,0.4,0.231,,,10.0,28.324,2049.8
1359,-29.443,19.88,0.105,0.5,0.221,,,10.0,28.343,2050.7
1360,-29.463,20.72,0.113,0.5,0.231,,,10.0,28.363,2051.6
1361,-29.483,21.62,0.115,0.5,0.231,,,10.0,28.383,2052.4
1362,-29.502000000000002,22.63,0.123,0.5,0.228,,,10.0,28.402,2053.3
1363,-29.522000000000002,24.0,0.134,0.5,0.232,,,10.0,28.422,2054.3
1364,-29.542,25.54,0.147,0.5,0.231,,,10.0,28.442,2055.1
1365,-29.561,26.42,0.151,0.5,0.232,,,10.0,28.461,2056.1
1366,-29.581000000000003,26.36,0.155,0.5,0.231,,,10.0,28.481,2057.1
1367,-29.601000000000003,26.38,0.138,0.5,0.231,,,10.0,28.501,2058.0
1368,-29.621000000000002,26.86,0.154,0.5,0.231,,,10.0,28.521,2059.0
1369,-29.64,27.98,0.164,0.5,0.231,,,10.0,28.54,2059.9
1370,-29.66,29.44,0.18,0.6,0.229,,,10.0,28.56,2060.9
1371,-29.68,31.02,0.195,0.6,0.228,,,10.0,28.58,2061.9
1372,-29.699,31.87,0.212,0.6,0.229,,,10.0,28.599,2083.9
1373,-29.719,32.55,0.222,0.7,0.222,,,10.0,28.619,2085.0
1374,-29.739,32.59,0.237,0.7,0.228,,,10.0,28.639,2086.0
1375,-29.758000000000003,32.27,0.249,0.7,0.227,,,10.0,28.658,2087.1
1376,-29.778000000000002,31.68,0.259,0.8,0.225,,,10.0,28.678,2088.0
1377,-29.798000000000002,31.24,0.266,0.9,0.227,,,10.0,28.698,2089.0
1378,-29.817,29.9,0.264,0.9,0.226,,,10.0,28.717,2090.0
1379,-29.837,28.04,0.255,0.9,0.226,,,10.0,28.737,2091.0
1380,-29.857000000000003,26.05,0.24,0.9,0.232,,,10.0,28.757,2091.9
1381,-29.877000000000002,24.4,0.223,0.8,0.229,,,10.0,28.777,2092.9
1382,-29.896,23.49,0.208,0.8,0.23,,,10.0,28.796,2093.8
1383,-29.916,23.1,0.199,0.8,0.23,,,10.0,28.816,2094.7
1384,-29.936,22.87,0.189,0.8,0.232,,,10.0,28.836,2095.6
1385,-29.955000000000002,22.66,0.184,0.8,0.232,,,10.0,28.855,2096.5
1386,-29.975,22.0,0.179,0.8,0.233,,,10.0,28.875,2097.4
1387,-29.995,21.07,0.175,0.8,0.233,,,10.0,28.895,2098.4
1388,-30.014000000000003,20.27,0.171,0.8,0.234,,,10.0,28.914,2099.3
1389,-30.034000000000002,19.93,0.166,0.8,0.234,,,10.0,28.934,2100.2
1390,-30.054000000000002,20.02,0.159,0.7,0.234,,,10.0,28.954,2101.1
1391,-30.073,19.81,0.157,0.7,0.234,,,10.0,28.973,2102.0
1392,-30.093,19.78,0.156,0.7,0.235,,,10.0,28.993,2102.9
1393,-30.113000000000003,20.24,0.156,0.7,0.235,,,10.0,29.013,2103.8
1394,-30.132,21.06,0.156,0.7,0.236,,,10.0,29.032,2104.7
1395,-30.152,21.82,0.161,0.7,0.236,,,10.0,29.052,2105.8
1396,-30.172,22.65,0.165,0.7,0.236,,,10.0,29.072,2106.8
1397,-30.191000000000003,23.45,0.172,0.7,0.237,,,10.0,29.091,2107.8
1398,-30.211000000000002,23.73,0.173,0.7,0.236,,,10.0,29.111,2108.9
1399,-30.231,23.23,0.171,0.7,0.236,,,10.0,29.131,2110.0
1400,-30.25,22.26,0.168,0.7,0.237,,,10.0,29.15,2111.1
1401,-30.270000000000003,21.24,0.162,0.7,0.237,,,10.0,29.17,2112.1
1402,-30.290000000000003,20.41,0.155,0.7,0.236,,,10.0,29.19,2113.1
1403,-30.309,19.73,0.145,0.7,0.236,,,10.0,29.209,2114.2
1404,-30.329,18.95,0.137,0.7,0.236,,,10.0,29.229,2115.3
1405,-30.349,18.25,0.131,0.7,0.236,,,10.0,29.249,2116.4
1406,-30.368000000000002,17.77,0.124,0.6,0.237,,,10.0,29.268,2117.5
1407,-30.388,17.33,0.12,0.6,0.239,,,10.0,29.288,2118.6
1408,-30.408,17.07,0.113,0.6,0.237,,,10.0,29.308,2119.6
1409,-30.427000000000003,17.14,0.109,0.5,0.238,,,10.0,29.327,2120.7
1410,-30.447000000000003,17.64,0.111,0.5,0.24,,,10.0,29.347,2121.7
1411,-30.467000000000002,18.93,0.113,0.5,0.24,,,10.0,29.367,2122.9
1412,-30.486,20.84,0.117,0.5,0.24,,,10.0,29.386,2123.9
1413,-30.506,22.39,0.125,0.5,0.241,,,10.0,29.406,2124.9
1414,-30.526,23.34,0.137,0.6,0.24,,,10.0,29.426,2126.1
1415,-30.545,23.78,0.155,0.6,0.242,,,10.0,29.445,2127.0
1416,-30.565,24.18,0.166,0.7,0.239,,,10.0,29.465,2128.1
1417,-30.585,24.13,,,0.24,,,10.0,29.485,2129.1
1418,-30.604000000000003,23.86,0.163,0.6,0.239,,,10.0,29.504,2130.2
1419,-30.624000000000002,23.19,0.167,0.7,0.238,,,10.0,29.524,2131.2
1420,-30.644000000000002,22.68,0.17,0.7,0.239,,,10.0,29.544,2132.2
1421,-30.663,22.5,0.171,0.7,0.24,,,10.0,29.563,2133.1
1422,-30.703000000000003,22.57,0.176,0.7,0.241,,,10.0,29.603,2156.1
1423,-30.722,22.56,0.176,0.7,0.242,,,10.0,29.622,2157.0
1424,-30.742,22.36,0.177,0.8,0.242,,,10.0,29.642,2158.0
1425,-30.762,22.1,0.178,0.8,0.241,,,10.0,29.662,2158.9
1426,-30.781000000000002,21.89,0.177,0.8,0.241,,,10.0,29.681,2159.9
1427,-30.801000000000002,21.69,0.174,0.8,0.243,,,10.0,29.701,2160.8
1428,-30.821,21.53,0.171,0.8,0.243,,,10.0,29.721,2161.8
1429,-30.84,21.11,0.169,0.8,0.243,,,10.0,29.74,2162.7
1430,-30.860000000000003,20.6,0.167,0.8,0.244,,,10.0,29.76,2163.7
1431,-30.880000000000003,20.03,0.167,0.8,0.244,,,10.0,29.78,2164.7
1432,-30.899,19.39,,,0.244,,,10.0,29.799,2165.6
1433,-30.919,18.65,,,0.244,,,10.0,29.819,2166.5
1434,-30.939,17.64,,,0.245,,,10.0,29.839,2167.5
1435,-30.958000000000002,16.46,,,0.245,,,10.0,29.858,2168.3
1436,-30.978,15.73,,,0.245,,,10.0,29.878,2169.2
