meas_y,meas_x,estimated_y,estimated_x
0.4,0.03,19.76,1.92
0.36,0.03,19.72,1.92
0.32,0.03,19.68,1.92
0.24,0.03,19.64,1.92
0.2,0.03,19.6,1.92
0.2,0.03,19.57,1.92
0.12,0.04,19.53,1.92
0.08,0.04,19.49,1.92
0.04,0.04,19.45,1.92
0,0.05,19.41,1.92
-0.04,0.06,19.37,1.92
-0.08,0.07,19.33,1.92
-0.12,0.09,19.29,1.92
-0.16,0.11,19.25,1.92
-0.2,0.13,19.21,1.92
-0.24,0.16,19.17,1.92
-0.28,0.19,19.13,1.92
-0.32,0.22,19.09,1.92
-0.36,0.26,19.05,1.92
-0.4,0.3,19.01,1.92
-0.43,0.35,18.97,1.92
-0.47,0.4,18.93,1.92
-0.51,0.45,18.89,1.92
-0.55,0.5,18.85,1.92
-0.59,0.55,18.81,1.92
-0.63,0.59,18.77,1.92
-0.67,0.63,18.74,1.92
-0.71,0.67,18.7,1.92
-0.75,0.71,18.66,1.92
-0.79,0.75,18.62,1.92
-0.83,0.78,18.58,1.92
-0.87,0.81,18.54,1.92
-0.91,0.84,18.5,1.92
-0.95,0.86,18.46,1.92
-0.99,0.89,18.42,1.92
-1.03,0.92,18.38,1.92
-1.07,0.94,18.34,1.92
-1.11,0.96,18.3,1.92
-1.19,0.99,18.26,1.92
-1.23,1.01,18.22,1.92
-1.26,1.03,18.18,1.92
-1.3,1.05,18.14,1.92
-1.34,1.07,18.1,1.92
-1.38,1.09,18.06,1.92
-1.42,1.11,18.02,1.92
-1.46,1.13,17.98,1.92
-1.5,1.15,17.94,1.92
-1.54,1.17,17.91,1.92
-1.58,1.19,17.87,1.92
-1.62,1.21,17.83,1.92
-1.66,1.23,17.79,1.92
-1.7,1.24,17.75,1.92
-1.74,1.26,17.71,1.92
-1.78,1.28,17.67,1.92
-1.82,1.29,17.63,1.92
-1.86,1.31,17.59,1.92
-1.9,1.32,17.55,1.92
-1.94,1.34,17.51,1.92
-2.02,1.36,17.47,1.92
-2.06,1.37,17.43,1.92
-2.09,1.39,17.39,1.92
-2.13,1.4,17.35,1.92
-2.17,1.41,17.31,1.92
-2.21,1.43,17.27,1.92
-2.25,1.44,17.23,1.92
-2.29,1.45,17.19,1.92
-2.33,1.46,17.15,1.92
-2.37,1.47,17.11,1.92
-2.41,1.48,17.08,1.92
-2.45,1.5,17.04,1.92
-2.49,1.51,17,1.92
-2.53,1.52,16.96,1.92
-2.57,1.53,16.92,1.92
-2.61,1.54,16.88,1.92
-2.65,1.55,16.84,1.92
-2.69,1.56,16.8,1.92
-2.73,1.57,16.76,1.92
-2.77,1.58,16.72,1.92
-2.81,1.58,16.68,1.92
-2.85,1.6,16.64,1.92
-2.89,1.6,16.6,1.92
-2.96,1.61,16.56,1.92
-3,1.62,16.52,1.92
-3.04,1.63,16.48,1.92
-3.08,1.64,16.44,1.92
-3.12,1.64,16.4,1.92
-3.16,1.65,16.36,1.92
-3.2,1.66,16.32,1.92
-3.24,1.66,16.28,1.92
-3.28,1.67,16.25,1.92
-3.32,1.68,16.21,1.92
-3.36,1.69,16.17,1.92
-3.4,1.69,16.13,1.92
-3.44,1.7,16.09,1.92
-3.48,1.71,16.05,1.92
-3.52,1.71,16.01,1.92
-3.56,1.72,15.97,1.92
-3.6,1.73,15.93,1.92
-3.64,1.74,15.89,1.92
-3.68,1.74,15.85,1.92
-3.72,1.75,15.81,1.92
-3.75,1.76,15.77,1.92
-3.79,1.76,15.73,1.92
-3.87,1.77,15.69,1.92
-3.91,1.78,15.65,1.92
-3.95,1.78,15.61,1.92
-3.99,1.79,15.57,1.92
-4.03,1.8,15.53,1.92
-4.07,1.8,15.49,1.92
-4.11,1.81,15.45,1.92
-4.15,1.81,15.42,1.92
-4.19,1.82,15.38,1.92
-4.23,1.83,15.34,1.92
-4.27,1.83,15.3,1.92
-4.31,1.84,15.26,1.92
-4.35,1.84,15.22,1.92
-4.39,1.84,15.18,1.92
-4.43,1.85,15.14,1.92
-4.47,1.85,15.1,1.92
-4.51,1.86,15.06,1.92
-4.55,1.86,15.02,1.92
-4.58,1.87,14.98,1.92
-4.66,1.87,14.94,1.92
-4.7,1.87,14.9,1.92
-4.74,1.87,14.86,1.92
-4.78,1.87,14.82,1.92
-4.82,1.88,14.78,1.92
-4.86,1.88,14.74,1.92
-4.9,1.88,14.7,1.92
-4.94,1.88,14.66,1.92
-4.98,1.88,14.62,1.92
-5.02,1.88,14.58,1.92
-5.06,1.88,14.55,1.92
-5.1,1.88,14.51,1.92
-5.14,1.88,14.47,1.92
-5.18,1.88,14.43,1.92
-5.22,1.88,14.39,1.92
-5.26,1.88,14.35,1.92
-5.3,1.88,14.31,1.92
-5.34,1.88,14.27,1.92
-5.38,1.88,14.23,1.92
-5.42,1.87,14.19,1.92
-5.45,1.87,14.15,1.92
-5.49,1.87,14.11,1.92
-5.53,1.87,14.07,1.92
-5.57,1.86,14.03,1.92
-5.65,1.86,13.99,1.92
-5.69,1.86,13.95,1.92
-5.73,1.85,13.91,1.92
-5.77,1.85,13.87,1.92
-5.81,1.84,13.83,1.92
-5.85,1.84,13.79,1.92
-5.89,1.83,13.75,1.92
-5.93,1.83,13.72,1.92
-5.97,1.82,13.68,1.92
-6.01,1.81,13.64,1.92
-6.05,1.8,13.6,1.92
-6.09,1.8,13.56,1.92
-6.13,1.79,13.52,1.92
-6.17,1.78,13.48,1.92
-6.25,1.77,13.44,1.92
-6.28,1.77,13.4,1.92
-6.32,1.76,13.36,1.92
-6.36,1.75,13.32,1.92
-6.4,1.74,13.28,1.92
-6.44,1.73,13.24,1.92
-6.48,1.72,13.2,1.92
-6.52,1.71,13.16,1.92
-6.56,1.7,13.12,1.92
-6.6,1.69,13.08,1.92
-6.64,1.68,13.04,1.92
-6.68,1.67,13,1.92
-6.72,1.66,12.96,1.92
-6.76,1.65,12.92,1.92
-6.8,1.63,12.89,1.92
-6.88,1.62,12.85,1.92
-6.92,1.61,12.81,1.92
-6.96,1.6,12.77,1.92
-7,1.59,12.73,1.92
-7.04,1.58,12.69,1.92
-7.08,1.56,12.65,1.92
-7.11,1.55,12.61,1.92
-7.15,1.54,12.57,1.92
-7.19,1.53,12.53,1.92
-7.23,1.51,12.49,1.92
-7.27,1.5,12.45,1.92
-7.31,1.49,12.41,1.92
-7.35,1.47,12.37,1.92
-7.39,1.46,12.33,1.92
-7.43,1.45,12.29,1.92
-7.47,1.43,12.25,1.92
-7.51,1.42,12.21,1.92
-7.55,1.4,12.17,1.92
-7.59,1.39,12.13,1.92
-7.63,1.37,12.09,1.92
-7.71,1.36,12.06,1.92
-7.75,1.34,12.02,1.92
-7.79,1.33,11.98,1.92
-7.83,1.31,11.94,1.92
-7.87,1.29,11.9,1.92
-7.91,1.27,11.86,1.92
-7.94,1.25,11.82,1.92
-7.98,1.23,11.78,1.92
-8.02,1.22,11.74,1.92
-8.06,1.2,11.7,1.92
-8.1,1.18,11.66,1.92
-8.14,1.16,11.62,1.92
-8.18,1.14,11.58,1.92
-8.22,1.12,11.54,1.92
-8.26,1.1,11.5,1.92
-8.3,1.08,11.46,1.92
-8.34,1.06,11.42,1.92
-8.38,1.04,11.38,1.92
-8.42,1.02,11.34,1.92
-8.46,1,11.3,1.92
-8.54,0.98,11.26,1.92
-8.58,0.95,11.23,1.92
-8.62,0.93,11.19,1.92
-8.66,0.91,11.15,1.92
-8.7,0.89,11.11,1.92
-8.74,0.86,11.07,1.92
-8.77,0.84,11.03,1.92
-8.81,0.82,10.99,1.92
-8.85,0.8,10.95,1.92
-8.89,0.79,10.91,1.92
-8.93,0.77,10.87,1.92
-8.97,0.75,10.83,1.92
-9.01,0.73,10.79,1.92
-9.05,0.71,10.75,1.92
-9.09,0.7,10.71,1.92
-9.13,0.68,10.67,1.92
-9.17,0.67,10.63,1.92
-9.21,0.65,10.59,1.92
-9.25,0.64,10.55,1.92
-9.29,0.63,10.51,1.92
-9.33,0.62,10.47,1.92
-9.37,0.61,10.43,1.92
-9.45,0.6,10.4,1.92
-9.49,0.59,10.36,1.92
-9.53,0.58,10.32,1.92
-9.57,0.57,10.28,1.92
-9.6,0.56,10.24,1.92
-9.64,0.56,10.2,1.92
-9.68,0.55,10.16,1.92
-9.72,0.54,10.12,1.92
-9.76,0.53,10.08,1.92
-9.8,0.52,10.04,1.92
-9.84,0.51,10,1.92
-9.88,0.51,9.96,1.92
-9.92,0.5,9.92,1.92
-9.96,0.5,9.88,1.92
-10,0.49,9.84,1.92
-10.04,0.49,9.8,1.92
-10.08,0.49,9.76,1.92
-10.12,0.49,9.72,1.92
-10.16,0.5,9.68,1.92
-10.2,0.5,9.64,1.92
-10.24,0.51,9.6,1.92
-10.28,0.52,9.57,1.92
-10.36,0.53,9.53,1.92
-10.36,0.54,9.49,1.92
-10.43,0.56,9.45,1.92
-10.47,0.57,9.41,1.92
-10.51,0.59,9.37,1.92
-10.55,0.61,9.33,1.92
-10.59,0.64,9.29,1.92
-10.63,0.66,9.25,1.92
-10.67,0.69,9.21,1.92
-10.71,0.72,9.17,1.92
-10.75,0.75,9.13,1.92
-10.79,0.78,9.09,1.92
-10.83,0.8,9.05,1.92
-10.87,0.82,9.01,1.92
-10.91,0.84,8.97,1.92
-10.95,0.87,8.93,1.92
-10.99,0.89,8.89,1.92
-11.03,0.91,8.85,1.92
-11.07,0.92,8.81,1.92
-11.11,0.94,8.77,1.92
-11.15,0.95,8.74,1.92
-11.19,0.97,8.7,1.92
-11.23,0.98,8.66,1.92
-11.26,1,8.62,1.92
-11.3,1.01,8.58,1.92
-11.34,1.02,8.54,1.92
-11.38,1.03,8.5,1.92
-11.42,1.04,8.46,1.92
-11.46,1.04,8.42,1.92
-11.5,1.04,8.38,1.92
-11.58,1.04,8.34,1.92
-11.62,1.03,8.3,1.92
-11.66,1.03,8.26,1.92
-11.7,1.01,8.22,1.92
-11.74,1,8.18,1.92
-11.78,0.98,8.14,1.92
-11.82,0.97,8.1,1.92
-11.86,0.95,8.06,1.92
-11.9,0.94,8.02,1.92
-11.94,0.92,7.98,1.92
-11.98,0.9,7.94,1.92
-12.02,0.88,7.91,1.92
-12.06,0.86,7.87,1.92
-12.09,0.84,7.83,1.92
-12.13,0.83,7.79,1.92
-12.17,0.81,7.75,1.92
-12.21,0.79,7.71,1.92
-12.29,0.77,7.67,1.92
-12.33,0.75,7.63,1.92
-12.37,0.73,7.59,1.92
-12.41,0.71,7.55,1.92
-12.45,0.69,7.51,1.92
-12.49,0.68,7.47,1.92
-12.53,0.66,7.43,1.92
-12.57,0.65,7.39,1.92
-12.61,0.64,7.35,1.92
-12.65,0.62,7.31,1.92
-12.69,0.61,7.27,1.92
-12.73,0.6,7.23,1.92
-12.77,0.59,7.19,1.92
-12.81,0.58,7.15,1.92
-12.85,0.57,7.11,1.92
-12.89,0.56,7.08,1.92
-12.96,0.55,7.04,1.92
-13,0.54,7,1.92
-13.04,0.54,6.96,1.92
-13.08,0.53,6.92,1.92
-13.12,0.52,6.88,1.92
-13.16,0.52,6.84,1.92
-13.2,0.51,6.8,1.92
-13.24,0.51,6.76,1.92
-13.28,0.51,6.72,1.92
-13.32,0.51,6.68,1.92
-13.36,0.51,6.64,1.92
-13.4,0.51,6.6,1.92
-13.44,0.51,6.56,1.92
-13.48,0.52,6.52,1.92
-13.52,0.52,6.48,1.92
-13.56,0.53,6.44,1.92
-13.6,0.54,6.4,1.92
-13.64,0.54,6.36,1.92
-13.68,0.55,6.32,1.92
-13.72,0.56,6.28,1.92
-13.75,0.56,6.25,1.92
-13.79,0.57,6.21,1.92
-13.83,0.58,6.17,1.92
-13.87,0.6,6.13,1.92
-13.91,0.61,6.09,1.92
-13.95,0.63,6.05,1.92
-13.99,0.64,6.01,1.92
-14.03,0.65,5.97,1.92
-14.07,0.67,5.93,1.92
-14.11,0.68,5.89,1.92
-14.15,0.69,5.85,1.92
-14.19,0.7,5.81,1.92
-14.27,0.72,5.77,1.92
-14.31,0.73,5.73,1.92
-14.35,0.74,5.69,1.92
-14.39,0.76,5.65,1.92
-14.43,0.77,5.61,1.92
-14.47,0.78,5.57,1.92
-14.51,0.79,5.53,1.92
-14.55,0.8,5.49,1.92
-14.58,0.81,5.45,1.92
-14.62,0.81,5.42,1.92
-14.66,0.82,5.38,1.92
-14.7,0.82,5.34,1.92
-14.74,0.82,5.3,1.92
-14.78,0.82,5.26,1.92
-14.82,0.82,5.22,1.92
-14.86,0.82,5.18,1.92
-14.9,0.82,5.14,1.92
-14.94,0.82,5.1,1.92
-14.98,0.81,5.06,1.92
-15.02,0.8,5.02,1.92
-15.06,0.79,4.98,1.92
-15.14,0.78,4.94,1.92
-15.18,0.77,4.9,1.92
-15.22,0.76,4.86,1.92
-15.26,0.75,4.82,1.92
-15.3,0.74,4.78,1.92
-15.34,0.73,4.74,1.92
-15.38,0.72,4.7,1.92
-15.42,0.7,4.66,1.92
-15.45,0.69,4.62,1.92
-15.49,0.67,4.58,1.92
-15.53,0.66,4.55,1.92
-15.57,0.64,4.51,1.92
-15.61,0.63,4.47,1.92
-15.65,0.62,4.43,1.92
-15.73,0.61,4.39,1.92
-15.77,0.59,4.35,1.92
-15.81,0.58,4.31,1.92
-15.85,0.57,4.27,1.92
-15.89,0.56,4.23,1.92
-15.93,0.55,4.19,1.92
-15.97,0.54,4.15,1.92
-16.01,0.53,4.11,1.92
-16.05,0.52,4.07,1.92
-16.09,0.51,4.03,1.92
-16.13,0.5,3.99,1.92
-16.17,0.5,3.95,1.92
-16.21,0.49,3.91,1.92
-16.25,0.48,3.87,1.92
-16.28,0.48,3.83,1.92
-16.36,0.47,3.79,1.92
-16.4,0.47,3.75,1.92
-16.44,0.47,3.72,1.92
-16.48,0.48,3.68,1.92
-16.52,0.48,3.64,1.92
-16.56,0.48,3.6,1.92
-16.6,0.49,3.56,1.92
-16.64,0.49,3.52,1.92
-16.68,0.5,3.48,1.92
-16.72,0.5,3.44,1.92
-16.76,0.51,3.4,1.92
-16.8,0.52,3.36,1.92
-16.84,0.54,3.32,1.92
-16.88,0.56,3.28,1.92
-16.92,0.59,3.24,1.92
-16.96,0.62,3.2,1.92
-17,0.65,3.16,1.92
-17.04,0.68,3.12,1.92
-17.08,0.71,3.08,1.92
-17.11,0.74,3.04,1.92
-17.15,0.76,3,1.92
-17.19,0.79,2.96,1.92
-17.23,0.81,2.92,1.92
-17.27,0.82,2.89,1.92
-17.31,0.84,2.85,1.92
-17.35,0.86,2.81,1.92
-17.39,0.87,2.77,1.92
-17.43,0.89,2.73,1.92
-17.47,0.9,2.69,1.92
-17.51,0.92,2.65,1.92
-17.55,0.93,2.61,1.92
-17.59,0.95,2.57,1.92
-17.63,0.96,2.53,1.92
-17.71,0.97,2.49,1.92
-17.75,0.98,2.45,1.92
-17.79,0.98,2.41,1.92
-17.83,0.98,2.37,1.92
-17.87,0.98,2.33,1.92
-17.91,0.97,2.29,1.92
-17.94,0.96,2.25,1.92
-17.98,0.95,2.21,1.92
-18.02,0.95,2.17,1.92
-18.06,0.94,2.13,1.92
-18.1,0.92,2.09,1.92
-18.14,0.91,2.06,1.92
-18.18,0.9,2.02,1.92
-18.22,0.88,1.98,1.92
-18.26,0.87,1.94,1.92
-18.3,0.86,1.9,1.92
-18.34,0.84,1.86,1.92
-18.38,0.82,1.82,1.92
-18.42,0.81,1.78,1.92
-18.5,0.79,1.74,1.92
-18.54,0.78,1.7,1.92
-18.58,0.76,1.66,1.92
-18.62,0.74,1.62,1.92
-18.66,0.72,1.58,1.92
-18.7,0.71,1.54,1.92
-18.74,0.69,1.5,1.92
-18.77,0.68,1.46,1.92
-18.81,0.66,1.42,1.92
-18.85,0.65,1.38,1.92
-18.89,0.64,1.34,1.92
-18.93,0.63,1.3,1.92
-18.97,0.62,1.26,1.92
-19.05,0.61,1.23,1.92
-19.09,0.59,1.19,1.92
-19.13,0.58,1.15,1.92
-19.17,0.57,1.11,1.92
-19.21,0.56,1.07,1.92
-19.25,0.55,1.03,1.92
-19.29,0.54,0.99,1.92
-19.33,0.54,0.95,1.92
-19.37,0.53,0.91,1.92
-19.41,0.53,0.87,1.92
-19.45,0.53,0.83,1.92
-19.49,0.53,0.79,1.92
-19.53,0.53,0.75,1.92
-19.57,0.53,0.71,1.92
-19.6,0.54,0.67,1.92
-19.64,0.54,0.63,1.92
-19.68,0.54,0.59,1.92
-19.72,0.54,0.55,1.92
-19.76,0.55,0.51,1.92
-19.8,0.56,0.47,1.92
-19.84,0.57,0.43,1.92
-19.88,0.58,0.4,1.92
-19.92,0.6,0.36,1.92
-19.96,0.64,0.32,1.92
-20,0.68,0.28,1.92
-20.04,0.72,0.24,1.92
-20.08,0.76,0.2,1.92
-20.12,0.8,0.16,1.92
-20.16,0.84,0.12,1.92
-20.2,0.88,0.08,1.92
-20.28,0.91,0.04,1.92
-20.32,0.94,0,1.92
-20.36,0.97,-0.04,1.92
-20.4,1.01,-0.08,1.92
-20.43,1.05,-0.12,1.92
-20.47,1.09,-0.16,1.92
-20.51,1.13,-0.2,1.92
-20.55,1.17,-0.24,1.92
-20.59,1.21,-0.28,1.92
-20.63,1.25,-0.32,1.92
-20.67,1.29,-0.36,1.92
-20.71,1.33,-0.4,1.92
-20.75,1.37,-0.43,1.92
-20.79,1.4,-0.47,1.92
-20.83,1.43,-0.51,1.92
-20.87,1.46,-0.55,1.92
-20.91,1.49,-0.59,1.92
-20.95,1.53,-0.63,1.92
-21.03,1.57,-0.67,1.92
-21.07,1.61,-0.71,1.92
-21.11,1.65,-0.75,1.92
-21.15,1.69,-0.79,1.92
-21.19,1.72,-0.83,1.92
-21.23,1.74,-0.87,1.92
-21.26,1.77,-0.91,1.92
-21.3,1.79,-0.95,1.92
-21.34,1.81,-0.99,1.92
-21.38,1.83,-1.03,1.92
-21.42,1.85,-1.07,1.92
-21.46,1.87,-1.11,1.92
-21.5,1.88,-1.15,1.92
-21.54,1.9,-1.19,1.92
-21.58,1.91,-1.23,1.92
-21.62,1.93,-1.26,1.92
-21.66,1.94,-1.3,1.92
-21.7,1.95,-1.34,1.92
-21.74,1.96,-1.38,1.92
-21.78,1.96,-1.42,1.92
-21.82,1.97,-1.46,1.92
-21.86,1.98,-1.5,1.92
-21.94,1.98,-1.54,1.92
-21.98,1.98,-1.58,1.92
-22.02,1.99,-1.62,1.92
-22.06,2,-1.66,1.92
-22.09,2,-1.7,1.92
-22.13,2,-1.74,1.92
-22.17,2.01,-1.78,1.92
-22.21,2.01,-1.82,1.92
-22.25,2.02,-1.86,1.92
-22.29,2.03,-1.9,1.92
-22.33,2.03,-1.94,1.92
-22.37,2.03,-1.98,1.92
-22.41,2.04,-2.02,1.92
-22.45,2.04,-2.06,1.92
-22.49,2.04,-2.09,1.92
-22.53,2.05,-2.13,1.92
-22.57,2.05,-2.17,1.92
-22.61,2.05,-2.21,1.92
-22.65,2.05,-2.25,1.92
-22.69,2.05,-2.29,1.92
-22.73,2.05,-2.33,1.92
-22.77,2.05,-2.37,1.92
-22.85,2.05,-2.41,1.92
-22.89,2.05,-2.45,1.92
-22.92,2.06,-2.49,1.92
-22.96,2.05,-2.53,1.92
-23,2.06,-2.57,1.92
-23.04,2.06,-2.61,1.92
-23.08,2.06,-2.65,1.92
-23.12,2.06,-2.69,1.92
-23.16,2.06,-2.73,1.92
-23.2,2.07,-2.77,1.92
-23.24,2.07,-2.81,1.92
-23.28,2.07,-2.85,1.92
-23.32,2.07,-2.89,1.92
-23.36,2.07,-2.92,1.92
-23.4,2.08,-2.96,1.92
-23.44,2.08,-3,1.92
-23.48,2.08,-3.04,1.92
-23.52,2.08,-3.08,1.92
-23.56,2.08,-3.12,1.92
-23.6,2.08,-3.16,1.92
-23.64,2.08,-3.2,1.92
-23.68,2.08,-3.24,1.92
-23.72,2.09,-3.28,1.92
-23.79,2.09,-3.32,1.92
-23.83,2.09,-3.36,1.92
-23.87,2.09,-3.4,1.92
-23.91,2.09,-3.44,1.92
-23.95,2.09,-3.48,1.92
-23.99,2.09,-3.52,1.92
-24.03,2.09,-3.56,1.92
-24.07,2.09,-3.6,1.92
-24.11,2.09,-3.64,1.92
-24.15,2.09,-3.68,1.92
-24.19,2.09,-3.72,1.92
-24.23,2.09,-3.75,1.92
-24.27,2.09,-3.79,1.92
-24.31,2.09,-3.83,1.92
-24.35,2.09,-3.87,1.92
-24.43,2.1,-3.91,1.92
-24.47,2.09,-3.95,1.92
-24.51,2.09,-3.99,1.92
-24.55,2.09,-4.03,1.92
-24.58,2.09,-4.07,1.92
-24.62,2.08,-4.11,1.92
-24.66,2.08,-4.15,1.92
-24.7,2.08,-4.19,1.92
-24.74,2.08,-4.23,1.92
-24.78,2.08,-4.27,1.92
-24.82,2.08,-4.31,1.92
-24.86,2.07,-4.35,1.92
-24.9,2.07,-4.39,1.92
-24.94,2.07,-4.43,1.92
-24.98,2.07,-4.47,1.92
-25.02,2.07,-4.51,1.92
-25.06,2.06,-4.55,1.92
-25.1,2.06,-4.58,1.92
-25.18,2.06,-4.62,1.92
-25.22,2.05,-4.66,1.92
-25.26,2.05,-4.7,1.92
-25.3,2.05,-4.74,1.92
-25.34,2.05,-4.78,1.92
-25.38,2.04,-4.82,1.92
-25.42,2.04,-4.86,1.92
-25.45,2.03,-4.9,1.92
-25.49,2.03,-4.94,1.92
-25.53,2.03,-4.98,1.92
-25.57,2.03,-5.02,1.92
-25.61,2.02,-5.06,1.92
-25.65,2.01,-5.1,1.92
-25.69,2.01,-5.14,1.92
-25.73,2.01,-5.18,1.92
-25.77,2,-5.22,1.92
-25.81,2,-5.26,1.92
-25.85,2,-5.3,1.92
-25.89,1.99,-5.34,1.92
-25.93,1.99,-5.38,1.92
-25.97,1.98,-5.42,1.92
-26.01,1.98,-5.45,1.92
-26.09,1.97,-5.49,1.92
-26.13,1.97,-5.53,1.92
-26.17,1.96,-5.57,1.92
-26.21,1.96,-5.61,1.92
-26.25,1.95,-5.65,1.92
-26.28,1.95,-5.69,1.92
-26.32,1.94,-5.73,1.92
-26.36,1.94,-5.77,1.92
-26.4,1.93,-5.81,1.92
-26.44,1.93,-5.85,1.92
-26.48,1.92,-5.89,1.92
-26.52,1.92,-5.93,1.92
-26.56,1.91,-5.97,1.92
-26.6,1.91,-6.01,1.92
-26.64,1.9,-6.05,1.92
-26.68,1.9,-6.09,1.92
-26.72,1.89,-6.13,1.92
-26.76,1.89,-6.17,1.92
-26.8,1.88,-6.21,1.92
-26.84,1.88,-6.25,1.92
-26.88,1.88,-6.28,1.92
-26.96,1.87,-6.32,1.92
-27,1.87,-6.36,1.92
-27.04,1.86,-6.4,1.92
-27.08,1.86,-6.44,1.92
-27.11,1.86,-6.48,1.92
-27.15,1.85,-6.52,1.92
-27.19,1.85,-6.56,1.92
-27.23,1.85,-6.6,1.92
-27.27,1.84,-6.64,1.92
-27.31,1.84,-6.68,1.92
-27.35,1.84,-6.72,1.92
-27.39,1.83,-6.76,1.92
-27.43,1.83,-6.8,1.92
-27.47,1.83,-6.84,1.92
-27.51,1.83,-6.88,1.92
-27.55,1.82,-6.92,1.92
-27.59,1.82,-6.96,1.92
-27.63,1.82,-7,1.92
-27.67,1.82,-7.04,1.92
-27.71,1.81,-7.08,1.92
-27.75,1.81,-7.11,1.92
-27.83,1.81,-7.15,1.92
-27.83,1.81,-7.19,1.92
-27.91,1.81,-7.23,1.92
-27.94,1.81,-7.27,1.92
-27.98,1.81,-7.31,1.92
-28.02,1.81,-7.35,1.92
-28.06,1.81,-7.39,1.92
-28.1,1.81,-7.43,1.92
-28.14,1.81,-7.47,1.92
-28.18,1.8,-7.51,1.92
-28.22,1.8,-7.55,1.92
-28.26,1.81,-7.59,1.92
-28.3,1.81,-7.63,1.92
-28.34,1.81,-7.67,1.92
-28.38,1.81,-7.71,1.92
-28.42,1.81,-7.75,1.92
-28.46,1.81,-7.79,1.92
-28.5,1.81,-7.83,1.92
-28.54,1.81,-7.87,1.92
-28.58,1.81,-7.91,1.92
-28.62,1.82,-7.94,1.92
-28.66,1.82,-7.98,1.92
-28.7,1.82,-8.02,1.92
-28.74,1.82,-8.06,1.92
-28.77,1.83,-8.1,1.92
-28.85,1.82,-8.14,1.92
-28.89,1.83,-8.18,1.92
-28.93,1.83,-8.22,1.92
-28.97,1.83,-8.26,1.92
-29.01,1.83,-8.3,1.92
-29.05,1.83,-8.34,1.92
-29.09,1.83,-8.38,1.92
-29.13,1.83,-8.42,1.92
-29.17,1.84,-8.46,1.92
-29.21,1.84,-8.5,1.92
-29.25,1.84,-8.54,1.92
-29.25,1.84,-8.58,1.92
,,-8.616600791,1.92156368
,,-8.656126482,1.921569132
,,-8.695652174,1.921574585
,,-8.735177866,1.921580037
,,-8.774703557,1.92158549
,,-8.814229249,1.921590942
,,-8.853754941,1.921596394
,,-8.893280632,1.921601847
,,-8.932806324,1.921607299
,,-8.972332016,1.921612752
,,-9.011857708,1.921618204
,,-9.051383399,1.921623657
,,-9.090909091,1.921629109
,,-9.130434783,1.921634561
,,-9.169960474,1.921640014
,,-9.209486166,1.921645466
,,-9.249011858,1.921650919
,,-9.288537549,1.921656371
,,-9.328063241,1.921661823
,,-9.367588933,1.921667276
,,-9.407114625,1.921672728
,,-9.446640316,1.92167818
,,-9.486166008,1.921683633
,,-9.5256917,0.257653533
,,-9.565217391,0.257653734
,,-9.604743083,0.257653935
,,-9.644268775,0.257654137
,,-9.683794466,0.257654338
,,-9.723320158,0.257654539
,,-9.76284585,0.257654741
,,-9.802371542,0.257654942
,,-9.841897233,0.257655144
,,-9.881422925,0.257655345
,,-9.920948617,0.257655546
,,-9.960474308,0.257655748
,,-10,0.257655949
,,-10.03952569,0.257656151
,,-10.07905138,0.257656352
,,-10.11857708,0.257656553
,,-10.15810277,0.257656755
,,-10.19762846,0.257656956
,,-10.23715415,0.257657157
,,-10.27667984,0.257657359
,,-10.31620553,0.25765756
,,-10.35573123,0.257657762
,,-10.39525692,0.257657963
,,-10.43478261,0.257658164
,,-10.4743083,0.257658366
,,-10.51383399,0.257658567
,,-10.55335968,0.257658768
,,-10.59288538,0.25765897
,,-10.63241107,0.257659171
,,-10.67193676,0.257659373
,,-10.71146245,0.257659574
,,-10.75098814,0.257659775
,,-10.79051383,0.257659977
,,-10.83003953,0.257660178
,,-10.86956522,0.25766038
,,-10.90909091,0.257660581
,,-10.9486166,0.257660782
,,-10.98814229,0.257660984
,,-11.02766798,0.257661185
,,-11.06719368,1.921901722
,,-11.10671937,1.921907174
,,-11.14624506,1.921912626
,,-11.18577075,1.921918078
,,-11.22529644,1.92192353
,,-11.26482213,1.921928982
,,-11.30434783,1.921934434
,,-11.34387352,1.921939886
,,-11.38339921,1.921945338
,,-11.4229249,1.92195079
,,-11.46245059,1.921956242
,,-11.50197628,1.921961694
,,-11.54150198,1.921967146
,,-11.58102767,1.921972598
,,-11.62055336,1.92197805
,,-11.66007905,1.921983502
,,-11.69960474,1.921988954
,,-11.73913043,1.921994406
,,-11.77865613,1.921999858
,,-11.81818182,1.92200531
,,-11.85770751,1.922010762
,,-11.8972332,1.922016214
,,-11.93675889,1.922021666
,,-11.97628458,1.922027118
,,-12.01581028,1.92203257
,,-12.05533597,1.922038022
,,-12.09486166,1.922043474
,,-12.13438735,1.922048926
,,-12.17391304,1.922054378
,,-12.21343874,1.92205983
,,-12.25296443,1.922065282
,,-12.29249012,1.922070734
,,-12.33201581,1.922076185
,,-12.3715415,1.922081637
,,-12.41106719,1.922087089
,,-12.45059289,1.922092541
,,-12.49011858,1.922097993
,,-12.52964427,1.922103445
,,-12.56916996,1.922108897
,,-12.60869565,1.922114349
,,-12.64822134,0.257669442
,,-12.68774704,0.257669643
,,-12.72727273,0.257669844
,,-12.76679842,0.257670046
,,-12.80632411,0.257670247
,,-12.8458498,0.257670449
,,-12.88537549,0.25767065
,,-12.92490119,0.257670851
,,-12.96442688,0.257671053
,,-13.00395257,0.257671254
,,-13.04347826,0.257671455
,,-13.08300395,0.257671657
,,-13.12252964,0.257671858
,,-13.16205534,0.25767206
,,-13.20158103,0.257672261
,,-13.24110672,0.257672462
,,-13.28063241,0.257672664
,,-13.3201581,0.257672865
,,-13.35968379,0.257673066
,,-13.39920949,0.257673268
,,-13.43873518,0.257673469
,,-13.47826087,0.257673671
,,-13.51778656,0.257673872
,,-13.55731225,0.257674073
,,-13.59683794,0.257674275
,,-13.63636364,0.257674476
,,-13.67588933,0.257674677
,,-13.71541502,0.257674879
,,-13.75494071,0.25767508
,,-13.7944664,0.257675282
,,-13.83399209,0.257675483
,,-13.87351779,0.257675684
,,-13.91304348,0.257675886
,,-13.95256917,0.257676087
,,-13.99209486,0.257676289
,,-14.03162055,0.25767649
,,-14.07114625,0.257676691
,,-14.11067194,0.257676893
,,-14.15019763,0.257677094
,,-14.18972332,0.257677295
,,-14.22924901,0.257677497
,,-14.2687747,1.922343321
,,-14.3083004,1.922348772
,,-14.34782609,1.922354224
,,-14.38735178,1.922359675
,,-14.42687747,1.922365127
,,-14.46640316,1.922370578
,,-14.50592885,1.92237603
,,-14.54545455,1.922381482
,,-14.58498024,1.922386933
,,-14.62450593,1.922392385
,,-14.66403162,1.922397836
,,-14.70355731,1.922403288
,,-14.743083,1.922408739
,,-14.7826087,1.922414191
,,-14.82213439,1.922419642
,,-14.86166008,1.922425094
,,-14.90118577,1.922430545
,,-14.94071146,1.922435997
,,-14.98023715,1.922441448
,,-15.01976285,1.9224469
,,-15.05928854,1.922452351
,,-15.09881423,1.922457802
,,-15.13833992,1.922463254
,,-15.17786561,1.922468705
,,-15.2173913,1.922474157
,,-15.256917,1.922479608
,,-15.29644269,1.92248506
,,-15.33596838,1.922490511
,,-15.37549407,1.922495962
,,-15.41501976,1.922501414
,,-15.45454545,1.922506865
,,-15.49407115,1.922512317
,,-15.53359684,1.922517768
,,-15.57312253,1.922523219
,,-15.61264822,1.922528671
,,-15.65217391,1.922534122
,,-15.6916996,1.922539573
,,-15.7312253,1.922545025
,,-15.77075099,1.922550476
,,-15.81027668,1.922555928
,,-15.84980237,0.257685753
,,-15.88932806,0.257685955
,,-15.92885375,0.257686156
,,-15.96837945,0.257686358
,,-16.00790514,0.257686559
,,-16.04743083,0.25768676
,,-16.08695652,0.257686962
,,-16.12648221,0.257687163
,,-16.16600791,0.257687364
,,-16.2055336,0.257687566
,,-16.24505929,0.257687767
,,-16.28458498,0.257687969
,,-16.32411067,0.25768817
,,-16.36363636,0.257688371
,,-16.40316206,0.257688573
,,-16.44268775,0.257688774
,,-16.48221344,0.257688975
,,-16.52173913,0.257689177
,,-16.56126482,0.257689378
,,-16.60079051,0.25768958
,,-16.64031621,0.257689781
,,-16.6798419,0.257689982
,,-16.71936759,0.257690184
,,-16.75889328,0.257690385
,,-16.79841897,0.257690587
,,-16.83794466,0.257690788
,,-16.87747036,0.257690989
,,-16.91699605,0.257691191
,,-16.95652174,0.257691392
,,-16.99604743,0.257691593
,,-17.03557312,0.257691795
,,-17.07509881,0.257691996
,,-17.11462451,0.257692198
,,-17.1541502,0.257692399
,,-17.19367589,0.2576926
,,-17.23320158,0.257692802
,,-17.27272727,0.257693003
,,-17.31225296,0.257693204
,,-17.35177866,0.257693406
,,-17.39130435,1.922773976
,,-17.43083004,1.922779427
,,-17.47035573,1.922784878
,,-17.50988142,1.922790329
,,-17.54940711,1.92279578
,,-17.58893281,1.922801231
,,-17.6284585,1.922806682
,,-17.66798419,1.922812133
,,-17.70750988,1.922817584
,,-17.74703557,1.922823035
,,-17.78656126,1.922828486
,,-17.82608696,1.922833937
,,-17.86561265,1.922839389
,,-17.90513834,1.92284484
,,-17.94466403,1.922850291
,,-17.98418972,1.922855741
,,-18.02371542,1.922861192
,,-18.06324111,1.922866643
,,-18.1027668,1.922872094
,,-18.14229249,1.922877545
,,-18.18181818,1.922882996
,,-18.22134387,1.922888447
,,-18.26086957,1.922893898
,,-18.30039526,1.922899349
,,-18.33992095,1.9229048
,,-18.37944664,1.922910251
,,-18.41897233,1.922915702
,,-18.45849802,1.922921153
,,-18.49802372,1.922926604
,,-18.53754941,1.922932055
,,-18.5770751,1.922937506
,,-18.61660079,1.922942957
,,-18.65612648,1.922948407
,,-18.69565217,1.922953858
,,-18.73517787,1.922959309
,,-18.77470356,1.92296476
,,-18.81422925,1.922970211
,,-18.85375494,1.922975662
,,-18.89328063,1.922981113
,,-18.93280632,1.922986563
,,-18.97233202,1.922992014
,,-19.01185771,0.257701864
,,-19.0513834,0.257702065
,,-19.09090909,0.257702267
,,-19.13043478,0.257702468
,,-19.16996047,0.257702669
,,-19.20948617,0.257702871
,,-19.24901186,0.257703072
,,-19.28853755,0.257703273
,,-19.32806324,0.257703475
,,-19.36758893,0.257703676
,,-19.40711462,0.257703878
,,-19.44664032,0.257704079
,,-19.48616601,0.25770428
,,-19.5256917,0.257704482
,,-19.56521739,0.257704683
,,-19.60474308,0.257704884
,,-19.64426877,0.257705086
,,-19.68379447,0.257705287
,,-19.72332016,0.257705489
,,-19.76284585,0.25770569
,,-19.80237154,0.257705891
,,-19.84189723,0.257706093
,,-19.88142292,0.257706294
,,-19.92094862,0.257706496
,,-19.96047431,0.257706697
,,-20,0.257706898
,,-20.03952569,0.2577071
,,-20.07905138,0.257707301
,,-20.11857708,0.257707502
,,-20.15810277,0.257707704
,,-20.19762846,0.257707905
,,-20.23715415,0.257708107
,,-20.27667984,0.257708308
,,-20.31620553,0.257708509
,,-20.35573123,0.257708711
,,-20.39525692,0.257708912
,,-20.43478261,0.257709113
,,-20.4743083,0.257709315
,,-20.51383399,0.257709516
,,-20.55335968,0.257709718
,,-20.59288538,1.923215493
,,-20.63241107,1.923220944
,,-20.67193676,1.923226394
,,-20.71146245,1.923231845
,,-20.75098814,1.923237295
,,-20.79051383,1.923242746
,,-20.83003953,1.923248196
,,-20.86956522,1.923253647
,,-20.90909091,1.923259097
,,-20.9486166,1.923264548
,,-20.98814229,1.923269998
,,-21.02766798,1.923275449
,,-21.06719368,1.923280899
,,-21.10671937,1.92328635
,,-21.14624506,1.9232918
,,-21.18577075,1.923297251
,,-21.22529644,1.923302701
,,-21.26482213,1.923308152
,,-21.30434783,1.923313602
,,-21.34387352,1.923319053
,,-21.38339921,1.923324503
,,-21.4229249,1.923329954
,,-21.46245059,1.923335404
,,-21.50197628,1.923340855
,,-21.54150198,1.923346305
,,-21.58102767,1.923351755
,,-21.62055336,1.923357206
,,-21.66007905,1.923362656
,,-21.69960474,1.923368107
,,-21.73913043,1.923373557
,,-21.77865613,1.923379007
,,-21.81818182,1.923384458
,,-21.85770751,1.923389908
,,-21.8972332,1.923395359
,,-21.93675889,1.923400809
,,-21.97628458,1.923406259
,,-22.01581028,1.92341171
,,-22.05533597,1.92341716
,,-22.09486166,1.92342261
,,-22.13438735,1.923428061
,,-22.17391304,1.923433511
,,-22.21343874,1.923438961
,,-22.25296443,1.923444412
,,-22.29249012,1.923449862
,,-22.33201581,1.923455312
,,-22.3715415,1.923460762
,,-22.41106719,1.923466213
,,-22.45059289,1.923471663
,,-22.49011858,1.923477113
,,-22.52964427,1.923482564
,,-22.56916996,1.923488014
,,-22.60869565,1.923493464
,,-22.64822134,1.923498914
,,-22.68774704,1.923504365
,,-22.72727273,1.923509815
,,-22.76679842,1.923515265
,,-22.80632411,1.923520715
,,-22.8458498,1.923526165
,,-22.88537549,1.923531616
,,-22.92490119,1.923537066
,,-22.96442688,1.923542516
,,-23.00395257,1.923547966
,,-23.04347826,1.923553416
,,-23.08300395,1.923558867
,,-23.12252964,1.923564317
,,-23.16205534,1.923569767
,,-23.20158103,1.923575217
,,-23.24110672,1.923580667
,,-23.28063241,1.923586117
,,-23.3201581,1.923591568
,,-23.35968379,1.923597018
,,-23.39920949,1.923602468
,,-23.43873518,1.923607918
,,-23.47826087,1.923613368
,,-23.51778656,1.923618818
,,-23.55731225,1.923624268
,,-23.59683794,1.923629718
,,-23.63636364,1.923635168
,,-23.67588933,1.923640619
,,-23.71541502,1.923646069
,,-23.75494071,1.923651519
,,-23.7944664,1.923656969
,,-23.83399209,1.923662419
,,-23.87351779,1.923667869
,,-23.91304348,1.923673319
,,-23.95256917,1.923678769
,,-23.99209486,1.923684219
,,-24.03162055,1.923689669
,,-24.07114625,1.923695119
,,-24.11067194,1.923700569
,,-24.15019763,1.923706019
,,-24.18972332,1.923711469
,,-24.22924901,1.923716919
,,-24.2687747,1.923722369
,,-24.3083004,1.923727819
,,-24.34782609,1.923733269
,,-24.38735178,1.923738719
,,-24.42687747,1.923744169
,,-24.46640316,1.923749619
,,-24.50592885,1.923755069
,,-24.54545455,1.923760519
,,-24.58498024,1.923765969
,,-24.62450593,1.923771419
,,-24.66403162,1.923776869
,,-24.70355731,1.923782319
,,-24.743083,1.923787768
,,-24.7826087,1.923793218
,,-24.82213439,1.923798668
,,-24.86166008,1.923804118
,,-24.90118577,1.923809568
,,-24.94071146,1.923815018
,,-24.98023715,1.923820468
,,-25.01976285,1.923825918
,,-25.05928854,1.923831368
,,-25.09881423,1.923836817
,,-25.13833992,1.923842267
,,-25.17786561,1.923847717
,,-25.2173913,1.923853167
,,-25.256917,1.923858617
,,-25.29644269,1.923864067
,,-25.33596838,1.923869516
,,-25.37549407,1.923874966
,,-25.41501976,1.923880416
,,-25.45454545,1.923885866
,,-25.49407115,1.923891316
,,-25.53359684,1.923896765
,,-25.57312253,1.923902215
,,-25.61264822,1.923907665
,,-25.65217391,1.923913115
,,-25.6916996,1.923918564
,,-25.7312253,1.923924014
,,-25.77075099,1.923929464
,,-25.81027668,1.923934914
,,-25.84980237,1.923940363
,,-25.88932806,1.923945813
,,-25.92885375,1.923951263
,,-25.96837945,1.923956713
,,-26.00790514,1.923962162
,,-26.04743083,1.923967612
,,-26.08695652,1.923973062
,,-26.12648221,1.923978511
,,-26.16600791,1.923983961
,,-26.2055336,1.923989411
,,-26.24505929,1.923994861
,,-26.28458498,1.92400031
,,-26.32411067,1.92400576
,,-26.36363636,1.924011209
,,-26.40316206,1.924016659
,,-26.44268775,1.924022109
,,-26.48221344,1.924027558
,,-26.52173913,1.924033008
,,-26.56126482,1.924038458
,,-26.60079051,1.924043907
,,-26.64031621,1.924049357
,,-26.6798419,1.924054807
,,-26.71936759,1.924060256
,,-26.75889328,1.924065706
,,-26.79841897,1.924071155
,,-26.83794466,1.924076605
,,-26.87747036,1.924082054
,,-26.91699605,1.924087504
,,-26.95652174,1.924092954
,,-26.99604743,1.924098403
,,-27.03557312,1.924103853
,,-27.07509881,1.924109302
,,-27.11462451,1.924114752
,,-27.1541502,1.924120201
,,-27.19367589,1.924125651
,,-27.23320158,1.9241311
,,-27.27272727,1.92413655
,,-27.31225296,1.924141999
,,-27.35177866,1.924147449
,,-27.39130435,1.924152898
,,-27.43083004,1.924158348
,,-27.47035573,1.924163797
,,-27.50988142,1.924169247
,,-27.54940711,1.924174696
,,-27.58893281,1.924180146
,,-27.6284585,1.924185595
,,-27.66798419,1.924191045
,,-27.70750988,1.924196494
,,-27.74703557,1.924201943
,,-27.78656126,1.924207393
,,-27.82608696,1.924212842
,,-27.86561265,1.924218292
,,-27.90513834,1.924223741
,,-27.94466403,1.924229191
,,-27.98418972,1.92423464
,,-28.02371542,1.924240089
,,-28.06324111,1.924245539
,,-28.1027668,1.924250988
,,-28.14229249,1.924256437
,,-28.18181818,1.924261887
,,-28.22134387,1.924267336
,,-28.26086957,1.924272786
,,-28.30039526,1.924278235
,,-28.33992095,1.924283684
,,-28.37944664,1.924289134
,,-28.41897233,1.924294583
,,-28.45849802,1.924300032
,,-28.49802372,1.924305482
,,-28.53754941,1.924310931
,,-28.5770751,1.92431638
,,-28.61660079,1.924321829
,,-28.65612648,1.924327279
,,-28.69565217,1.924332728
,,-28.73517787,1.924338177
,,-28.77470356,1.924343627
,,-28.81422925,1.924349076
,,-28.85375494,1.924354525
,,-28.89328063,1.924359974
,,-28.93280632,1.924365424
,,-28.97233202,1.924370873
,,-29.01185771,1.924376322
,,-29.0513834,1.924381771
,,-29.09090909,1.92438722
,,-29.13043478,1.92439267
,,-29.16996047,1.924398119
,,-29.20948617,1.924403568
,,-29.24901186,1.924409017
,,-29.28853755,1.924414466
,,-29.32806324,1.924419916
,,-29.36758893,1.924425365
,,-29.40711462,1.924430814
,,-29.44664032,1.924436263
,,-29.48616601,1.924441712
,,-29.5256917,1.924447161
,,-29.56521739,1.924452611
,,-29.60474308,1.92445806
,,-29.64426877,1.924463509
,,-29.68379447,1.924468958
,,-29.72332016,1.924474407
,,-29.76284585,1.924479856
,,-29.80237154,1.924485305
,,-29.84189723,1.924490754
,,-29.88142292,1.924496204
,,-29.92094862,1.924501653
,,-29.96047431,1.924507102
,,-30,1.924512551
,,-30.03952569,1.924518
,,-30.07905138,1.924523449
,,-30.11857708,1.924528898
,,-30.15810277,1.924534347
,,-30.19762846,1.924539796
,,-30.23715415,1.924545245
,,-30.27667984,1.924550694
,,-30.31620553,1.924556143
,,-30.35573123,1.924561592
,,-30.39525692,1.924567041
,,-30.43478261,1.92457249
,,-30.4743083,1.924577939
,,-30.51383399,1.924583388
,,-30.55335968,1.924588837
,,-30.59288538,1.924594286
,,-30.63241107,1.924599735
,,-30.67193676,1.924605184
,,-30.71146245,1.924610633
,,-30.75098814,1.924616082
,,-30.79051383,1.924621531
,,-30.83003953,1.92462698
,,-30.86956522,1.924632429
,,-30.90909091,1.924637878
,,-30.9486166,1.924643327
,,-30.98814229,1.924648776
,,-31.02766798,1.924654225
,,-31.06719368,1.924659673
,,-31.10671937,1.924665122
,,-31.14624506,1.924670571
,,-31.18577075,1.92467602
,,-31.22529644,1.924681469
,,-31.26482213,1.924686918
,,-31.30434783,1.924692367
,,-31.34387352,1.924697816
,,-31.38339921,1.924703264
,,-31.4229249,1.924708713
,,-31.46245059,1.924714162
,,-31.50197628,1.924719611
,,-31.54150198,1.92472506
,,-31.58102767,1.924730509
,,-31.62055336,1.924735957
,,-31.66007905,1.924741406
,,-31.69960474,1.924746855
,,-31.73913043,1.924752304
,,-31.77865613,1.924757753
,,-31.81818182,1.924763201
,,-31.85770751,1.92476865
,,-31.8972332,1.924774099
,,-31.93675889,1.924779548
,,-31.97628458,1.924784997
,,-32.01581028,1.924790445
,,-32.05533597,1.924795894
,,-32.09486166,1.924801343
,,-32.13438735,1.924806792
,,-32.17391304,1.92481224
,,-32.21343874,1.924817689
,,-32.25296443,1.924823138
,,-32.29249012,1.924828586
,,-32.33201581,1.924834035
,,-32.3715415,1.924839484
,,-32.41106719,1.924844932
,,-32.45059289,1.924850381
,,-32.49011858,1.92485583
,,-32.52964427,1.924861279
,,-32.56916996,1.924866727
,,-32.60869565,1.924872176
,,-32.64822134,1.924877625
,,-32.68774704,1.924883073
,,-32.72727273,1.924888522
,,-32.76679842,1.92489397
,,-32.80632411,1.924899419
,,-32.8458498,1.924904868
,,-32.88537549,1.924910316
,,-32.92490119,1.924915765
,,-32.96442688,1.924921214
,,-33.00395257,1.924926662
,,-33.04347826,1.924932111
,,-33.08300395,1.924937559
,,-33.12252964,1.924943008
,,-33.16205534,1.924948456
,,-33.20158103,1.924953905
,,-33.24110672,1.924959354
,,-33.28063241,1.924964802
,,-33.3201581,1.924970251
,,-33.35968379,1.924975699
,,-33.39920949,1.924981148
,,-33.43873518,1.924986596
,,-33.47826087,1.924992045
,,-33.51778656,1.924997493
,,-33.55731225,1.925002942
,,-33.59683794,1.92500839
,,-33.63636364,1.925013839
,,-33.67588933,1.925019287
,,-33.71541502,1.925024736
,,-33.75494071,1.925030184
,,-33.7944664,1.925035633
,,-33.83399209,1.925041081
,,-33.87351779,1.92504653
,,-33.91304348,1.925051978
,,-33.95256917,1.925057427
,,-33.99209486,1.925062875
,,-34.03162055,1.925068323
,,-34.07114625,1.925073772
,,-34.11067194,1.92507922
,,-34.15019763,1.925084669
,,-34.18972332,1.925090117
,,-34.22924901,1.925095565
,,-34.2687747,1.925101014
,,-34.3083004,1.925106462
,,-34.34782609,1.925111911
,,-34.38735178,1.925117359
,,-34.42687747,1.925122807
,,-34.46640316,1.925128256
,,-34.50592885,1.925133704
,,-34.54545455,1.925139152
,,-34.58498024,1.925144601
,,-34.62450593,1.925150049
,,-34.66403162,1.925155497
,,-34.70355731,1.925160946
,,-34.743083,1.925166394
,,-34.7826087,1.925171842
,,-34.82213439,1.925177291
,,-34.86166008,1.925182739
,,-34.90118577,1.925188187
,,-34.94071146,1.925193636
,,-34.98023715,1.925199084
,,-35.01976285,1.925204532
,,-35.05928854,1.92520998
,,-35.09881423,1.925215429
,,-35.13833992,1.925220877
,,-35.17786561,1.925226325
,,-35.2173913,1.925231773
,,-35.256917,1.925237222
,,-35.29644269,1.92524267
,,-35.33596838,1.925248118
,,-35.37549407,1.925253566
,,-35.41501976,1.925259015
,,-35.45454545,1.925264463
,,-35.49407115,1.925269911
,,-35.53359684,1.925275359
,,-35.57312253,1.925280807
,,-35.61264822,1.925286256
,,-35.65217391,1.925291704
,,-35.6916996,1.925297152
,,-35.7312253,1.9253026
,,-35.77075099,1.925308048
,,-35.81027668,1.925313496
,,-35.84980237,1.925318945
,,-35.88932806,1.925324393
,,-35.92885375,1.925329841
,,-35.96837945,1.925335289
,,-36.00790514,1.925340737
,,-36.04743083,1.925346185
,,-36.08695652,1.925351633
,,-36.12648221,1.925357081
,,-36.16600791,1.925362529
,,-36.2055336,1.925367978
,,-36.24505929,1.925373426
,,-36.28458498,1.925378874
,,-36.32411067,1.925384322
,,-36.36363636,1.92538977
,,-36.40316206,1.925395218
,,-36.44268775,1.925400666
,,-36.48221344,1.925406114
,,-36.52173913,1.925411562
,,-36.56126482,1.92541701
,,-36.60079051,1.925422458
,,-36.64031621,1.925427906
,,-36.6798419,1.925433354
,,-36.71936759,1.925438802
,,-36.75889328,1.92544425
,,-36.79841897,1.925449698
,,-36.83794466,1.925455146
,,-36.87747036,1.925460594
,,-36.91699605,1.925466042
,,-36.95652174,1.92547149
,,-36.99604743,1.925476938
,,-37.03557312,1.925482386
,,-37.07509881,1.925487834
,,-37.11462451,1.925493282
,,-37.1541502,1.92549873
,,-37.19367589,1.925504178
,,-37.23320158,1.925509626
,,-37.27272727,1.925515073
,,-37.31225296,1.925520521
,,-37.35177866,1.925525969
,,-37.39130435,1.925531417
,,-37.43083004,1.925536865
,,-37.47035573,1.925542313
,,-37.50988142,1.925547761
,,-37.54940711,1.925553209
,,-37.58893281,1.925558657
,,-37.6284585,1.925564104
,,-37.66798419,1.925569552
,,-37.70750988,1.925575
,,-37.74703557,1.925580448
,,-37.78656126,1.925585896
,,-37.82608696,1.925591344
,,-37.86561265,1.925596791
,,-37.90513834,1.925602239
,,-37.94466403,1.925607687
,,-37.98418972,1.925613135
,,-38.02371542,1.925618583
,,-38.06324111,1.92562403
,,-38.1027668,1.925629478
,,-38.14229249,1.925634926
,,-38.18181818,1.925640374
,,-38.22134387,1.925645822
,,-38.26086957,1.925651269
,,-38.30039526,1.925656717
,,-38.33992095,1.925662165
,,-38.37944664,1.925667613
,,-38.41897233,1.92567306
,,-38.45849802,1.925678508
,,-38.49802372,1.925683956
,,-38.53754941,1.925689403
,,-38.5770751,1.925694851
,,-38.61660079,1.925700299
,,-38.65612648,1.925705747
,,-38.69565217,1.925711194
,,-38.73517787,1.925716642
,,-38.77470356,1.92572209
,,-38.81422925,1.925727537
,,-38.85375494,1.925732985
,,-38.89328063,1.925738433
,,-38.93280632,1.92574388
,,-38.97233202,1.925749328
,,-39.01185771,1.925754776
,,-39.0513834,1.925760223
,,-39.09090909,1.925765671
,,-39.13043478,1.925771118
,,-39.16996047,1.925776566
,,-39.20948617,1.925782014
,,-39.24901186,1.925787461
,,-39.28853755,1.925792909
,,-39.32806324,1.925798356
,,-39.36758893,1.925803804
,,-39.40711462,1.925809252
,,-39.44664032,1.925814699
,,-39.48616601,1.925820147
,,-39.5256917,1.925825594
,,-39.56521739,1.925831042
,,-39.60474308,1.925836489
,,-39.64426877,1.925841937
,,-39.68379447,1.925847384
,,-39.72332016,1.925852832
,,-39.76284585,1.92585828
,,-39.80237154,1.925863727
,,-39.84189723,1.925869175
,,-39.88142292,1.925874622
,,-39.92094862,1.92588007
,,-39.96047431,1.925885517
,,-40,1.925890964
,,-40.03952569,1.925896412
,,-40.07905138,1.925901859
,,-40.11857708,1.925907307
,,-40.15810277,1.925912754
,,-40.19762846,1.925918202
,,-40.23715415,1.925923649
,,-40.27667984,1.925929097
,,-40.31620553,1.925934544
,,-40.35573123,1.925939992
,,-40.39525692,1.925945439
,,-40.43478261,1.925950886
,,-40.4743083,1.925956334
,,-40.51383399,1.925961781
,,-40.55335968,1.925967229
,,-40.59288538,1.925972676
,,-40.63241107,1.925978123
,,-40.67193676,1.925983571
,,-40.71146245,1.925989018
,,-40.75098814,1.925994465
,,-40.79051383,1.925999913
,,-40.83003953,1.92600536
,,-40.86956522,1.926010808
,,-40.90909091,1.926016255
,,-40.9486166,1.926021702
,,-40.98814229,1.92602715
,,-41.02766798,1.926032597
,,-41.06719368,1.926038044
,,-41.10671937,1.926043491
,,-41.14624506,1.926048939
,,-41.18577075,1.926054386
,,-41.22529644,1.926059833
,,-41.26482213,1.926065281
,,-41.30434783,1.926070728
,,-41.34387352,1.926076175
,,-41.38339921,1.926081622
,,-41.4229249,1.92608707
,,-41.46245059,1.926092517
,,-41.50197628,1.926097964
,,-41.54150198,1.926103411
,,-41.58102767,1.926108859
,,-41.62055336,1.926114306
,,-41.66007905,1.926119753
,,-41.69960474,1.9261252
,,-41.73913043,1.926130647
,,-41.77865613,1.926136095
,,-41.81818182,1.926141542
,,-41.85770751,1.926146989
,,-41.8972332,1.926152436
,,-41.93675889,1.926157883
,,-41.97628458,1.926163331
,,-42.01581028,1.926168778
,,-42.05533597,1.926174225
,,-42.09486166,1.926179672
,,-42.13438735,1.926185119
,,-42.17391304,1.926190566
,,-42.21343874,1.926196013
,,-42.25296443,1.926201461
,,-42.29249012,1.926206908
,,-42.33201581,1.926212355
,,-42.3715415,1.926217802
,,-42.41106719,1.926223249
,,-42.45059289,1.926228696
,,-42.49011858,1.926234143
,,-42.52964427,1.92623959
,,-42.56916996,1.926245037
,,-42.60869565,1.926250484
,,-42.64822134,1.926255931
,,-42.68774704,1.926261379
,,-42.72727273,1.926266826
,,-42.76679842,1.926272273
,,-42.80632411,1.92627772
,,-42.8458498,1.926283167
,,-42.88537549,1.926288614
,,-42.92490119,1.926294061
,,-42.96442688,1.926299508
,,-43.00395257,1.926304955
,,-43.04347826,1.926310402
,,-43.08300395,1.926315849
,,-43.12252964,1.926321296
,,-43.16205534,1.926326743
,,-43.20158103,1.92633219
,,-43.24110672,1.926337637
,,-43.28063241,1.926343084
,,-43.3201581,1.926348531
,,-43.35968379,1.926353977
,,-43.39920949,1.926359424
,,-43.43873518,1.926364871
,,-43.47826087,1.926370318
,,-43.51778656,1.926375765
,,-43.55731225,1.926381212
,,-43.59683794,1.926386659
,,-43.63636364,1.926392106
,,-43.67588933,1.926397553
,,-43.71541502,1.926403
,,-43.75494071,1.926408447
,,-43.7944664,1.926413893
,,-43.83399209,1.92641934
,,-43.87351779,1.926424787
,,-43.91304348,1.926430234
,,-43.95256917,1.926435681
,,-43.99209486,1.926441128
,,-44.03162055,1.926446575
,,-44.07114625,1.926452021
,,-44.11067194,1.926457468
,,-44.15019763,1.926462915
,,-44.18972332,1.926468362
,,-44.22924901,1.926473809
,,-44.2687747,1.926479256
,,-44.3083004,1.926484702
,,-44.34782609,1.926490149
,,-44.38735178,1.926495596
,,-44.42687747,1.926501043
,,-44.46640316,1.926506489
,,-44.50592885,1.926511936
,,-44.54545455,1.926517383
,,-44.58498024,1.92652283
,,-44.62450593,1.926528276
,,-44.66403162,1.926533723
,,-44.70355731,1.92653917
,,-44.743083,1.926544617
,,-44.7826087,1.926550063
,,-44.82213439,1.92655551
,,-44.86166008,1.926560957
,,-44.90118577,1.926566404
,,-44.94071146,1.92657185
,,-44.98023715,1.926577297
,,-45.01976285,1.926582744
,,-45.05928854,1.92658819
,,-45.09881423,1.926593637
,,-45.13833992,1.926599084
,,-45.17786561,1.92660453
,,-45.2173913,1.926609977
,,-45.256917,1.926615424
,,-45.29644269,1.92662087
,,-45.33596838,1.926626317
,,-45.37549407,1.926631763
,,-45.41501976,1.92663721
,,-45.45454545,1.926642657
,,-45.49407115,1.926648103
,,-45.53359684,1.92665355
,,-45.57312253,1.926658996
,,-45.61264822,1.926664443
,,-45.65217391,1.92666989
,,-45.6916996,1.926675336
,,-45.7312253,1.926680783
,,-45.77075099,1.926686229
,,-45.81027668,1.926691676
,,-45.84980237,1.926697122
,,-45.88932806,1.926702569
,,-45.92885375,1.926708016
,,-45.96837945,1.926713462
,,-46.00790514,1.926718909
,,-46.04743083,1.926724355
,,-46.08695652,1.926729802
,,-46.12648221,1.926735248
,,-46.16600791,1.926740695
,,-46.2055336,1.926746141
,,-46.24505929,1.926751588
,,-46.28458498,1.926757034
,,-46.32411067,1.926762481
,,-46.36363636,1.926767927
,,-46.40316206,1.926773374
,,-46.44268775,1.92677882
,,-46.48221344,1.926784266
,,-46.52173913,1.926789713
,,-46.56126482,1.926795159
,,-46.60079051,1.926800606
,,-46.64031621,1.926806052
,,-46.6798419,1.926811499
,,-46.71936759,1.926816945
,,-46.75889328,1.926822391
,,-46.79841897,1.926827838
,,-46.83794466,1.926833284
,,-46.87747036,1.926838731
,,-46.91699605,1.926844177
,,-46.95652174,1.926849623
,,-46.99604743,1.92685507
,,-47.03557312,1.926860516
,,-47.07509881,1.926865962
,,-47.11462451,1.926871409
,,-47.1541502,1.926876855
,,-47.19367589,1.926882301
,,-47.23320158,1.926887748
,,-47.27272727,1.926893194
,,-47.31225296,1.92689864
,,-47.35177866,1.926904087
,,-47.39130435,1.926909533
,,-47.43083004,1.926914979
,,-47.47035573,1.926920426
,,-47.50988142,1.926925872
,,-47.54940711,1.926931318
,,-47.58893281,1.926936764
,,-47.6284585,1.926942211
,,-47.66798419,1.926947657
,,-47.70750988,1.926953103
,,-47.74703557,1.92695855
,,-47.78656126,1.926963996
,,-47.82608696,1.926969442
,,-47.86561265,1.926974888
,,-47.90513834,1.926980334
,,-47.94466403,1.926985781
,,-47.98418972,1.926991227
,,-48.02371542,1.926996673
,,-48.06324111,1.927002119
,,-48.1027668,1.927007565
,,-48.14229249,1.927013012
,,-48.18181818,1.927018458
,,-48.22134387,1.927023904
,,-48.26086957,1.92702935
,,-48.30039526,1.927034796
,,-48.33992095,1.927040243
,,-48.37944664,1.927045689
,,-48.41897233,1.927051135
,,-48.45849802,1.927056581
,,-48.49802372,1.927062027
,,-48.53754941,1.927067473
,,-48.5770751,1.927072919
,,-48.61660079,1.927078365
,,-48.65612648,1.927083812
,,-48.69565217,1.927089258
,,-48.73517787,1.927094704
,,-48.77470356,1.92710015
,,-48.81422925,1.927105596
,,-48.85375494,1.927111042
,,-48.89328063,1.927116488
,,-48.93280632,1.927121934
,,-48.97233202,1.92712738
,,-49.01185771,1.927132826
,,-49.0513834,1.927138272
,,-49.09090909,1.927143718
,,-49.13043478,1.927149164
,,-49.16996047,1.92715461
,,-49.20948617,1.927160056
,,-49.24901186,1.927165502
,,-49.28853755,1.927170948
,,-49.32806324,1.927176394
,,-49.36758893,1.92718184
,,-49.40711462,1.927187286
,,-49.44664032,1.927192732
,,-49.48616601,1.927198178
,,-49.5256917,1.927203624
,,-49.56521739,1.92720907
,,-49.60474308,1.927214516
,,-49.64426877,1.927219962
,,-49.68379447,1.927225408
,,-49.72332016,1.927230854
,,-49.76284585,1.9272363
,,-49.80237154,1.927241746
,,-49.84189723,1.927247192
,,-49.88142292,1.927252638
,,-49.92094862,1.927258084
,,-49.96047431,1.927263529
,,-50,1.927268975
,,-50.03952569,1.927274421
,,-50.07905138,1.927279867
,,-50.11857708,1.927285313
,,-50.15810277,1.927290759
,,-50.19762846,1.927296205
,,-50.23715415,1.927301651
,,-50.27667984,1.927307096
,,-50.31620553,1.927312542
,,-50.35573123,1.927317988
,,-50.39525692,1.927323434
,,-50.43478261,1.92732888
,,-50.4743083,1.927334326
,,-50.51383399,1.927339771
,,-50.55335968,1.927345217
,,-50.59288538,1.927350663
,,-50.63241107,1.927356109
,,-50.67193676,1.927361555
,,-50.71146245,1.927367
,,-50.75098814,1.927372446
,,-50.79051383,1.927377892
,,-50.83003953,1.927383338
,,-50.86956522,1.927388783
,,-50.90909091,1.927394229
,,-50.9486166,1.927399675
,,-50.98814229,1.927405121
,,-51.02766798,1.927410566
,,-51.06719368,1.927416012
,,-51.10671937,1.927421458
,,-51.14624506,1.927426903
,,-51.18577075,1.927432349
,,-51.22529644,1.927437795
,,-51.26482213,1.927443241
,,-51.30434783,1.927448686
,,-51.34387352,1.927454132
,,-51.38339921,1.927459578
,,-51.4229249,1.927465023
,,-51.46245059,1.927470469
,,-51.50197628,1.927475915
,,-51.54150198,1.92748136
,,-51.58102767,1.927486806
,,-51.62055336,1.927492251
,,-51.66007905,1.927497697
,,-51.69960474,1.927503143
,,-51.73913043,1.927508588
,,-51.77865613,1.927514034
,,-51.81818182,1.92751948
,,-51.85770751,1.927524925
,,-51.8972332,1.927530371
,,-51.93675889,1.927535816
,,-51.97628458,1.927541262
,,-52.01581028,1.927546707
,,-52.05533597,1.927552153
,,-52.09486166,1.927557599
,,-52.13438735,1.927563044
,,-52.17391304,1.92756849
,,-52.21343874,1.927573935
,,-52.25296443,1.927579381
,,-52.29249012,1.927584826
,,-52.33201581,1.927590272
,,-52.3715415,1.927595717
,,-52.41106719,1.927601163
,,-52.45059289,1.927606608
,,-52.49011858,1.927612054
,,-52.52964427,1.927617499
,,-52.56916996,1.927622945
,,-52.60869565,1.92762839
,,-52.64822134,1.927633836
,,-52.68774704,1.927639281
,,-52.72727273,1.927644727
,,-52.76679842,1.927650172
,,-52.80632411,1.927655618
,,-52.8458498,1.927661063
,,-52.88537549,1.927666508
,,-52.92490119,1.927671954
,,-52.96442688,1.927677399
,,-53.00395257,1.927682845
,,-53.04347826,1.92768829
,,-53.08300395,1.927693735
,,-53.12252964,1.927699181
,,-53.16205534,1.927704626
,,-53.20158103,1.927710072
,,-53.24110672,1.927715517
,,-53.28063241,1.927720962
,,-53.3201581,1.927726408
,,-53.35968379,1.927731853
,,-53.39920949,1.927737298
,,-53.43873518,1.927742744
,,-53.47826087,1.927748189
,,-53.51778656,1.927753634
,,-53.55731225,1.92775908
,,-53.59683794,1.927764525
,,-53.63636364,1.92776997
,,-53.67588933,1.927775416
,,-53.71541502,1.927780861
,,-53.75494071,1.927786306
,,-53.7944664,1.927791752
,,-53.83399209,1.927797197
,,-53.87351779,1.927802642
,,-53.91304348,1.927808087
,,-53.95256917,1.927813533
,,-53.99209486,1.927818978
,,-54.03162055,1.927824423
,,-54.07114625,1.927829868
,,-54.11067194,1.927835314
,,-54.15019763,1.927840759
,,-54.18972332,1.927846204
,,-54.22924901,1.927851649
,,-54.2687747,1.927857095
,,-54.3083004,1.92786254
,,-54.34782609,1.927867985
,,-54.38735178,1.92787343
,,-54.42687747,1.927878875
,,-54.46640316,1.927884321
,,-54.50592885,1.927889766
,,-54.54545455,1.927895211
,,-54.58498024,1.927900656
,,-54.62450593,1.927906101
,,-54.66403162,1.927911546
,,-54.70355731,1.927916991
,,-54.743083,1.927922437
,,-54.7826087,1.927927882
,,-54.82213439,1.927933327
,,-54.86166008,1.927938772
,,-54.90118577,1.927944217
,,-54.94071146,1.927949662
,,-54.98023715,1.927955107
,,-55.01976285,1.927960552
,,-55.05928854,1.927965997
,,-55.09881423,1.927971443
,,-55.13833992,1.927976888
,,-55.17786561,1.927982333
,,-55.2173913,1.927987778
,,-55.256917,1.927993223
,,-55.29644269,1.927998668
,,-55.33596838,1.928004113
,,-55.37549407,1.928009558
,,-55.41501976,1.928015003
,,-55.45454545,1.928020448
,,-55.49407115,1.928025893
,,-55.53359684,1.928031338
,,-55.57312253,1.928036783
,,-55.61264822,1.928042228
,,-55.65217391,1.928047673
,,-55.6916996,1.928053118
,,-55.7312253,1.928058563
,,-55.77075099,1.928064008
,,-55.81027668,1.928069453
,,-55.84980237,1.928074898
,,-55.88932806,1.928080343
,,-55.92885375,1.928085788
,,-55.96837945,1.928091233
,,-56.00790514,1.928096678
,,-56.04743083,1.928102123
,,-56.08695652,1.928107568
,,-56.12648221,1.928113012
,,-56.16600791,1.928118457
,,-56.2055336,1.928123902
,,-56.24505929,1.928129347
,,-56.28458498,1.928134792
,,-56.32411067,1.928140237
,,-56.36363636,1.928145682
,,-56.40316206,1.928151127
,,-56.44268775,1.928156572
,,-56.48221344,1.928162016
,,-56.52173913,1.928167461
,,-56.56126482,1.928172906
,,-56.60079051,1.928178351
,,-56.64031621,1.928183796
,,-56.6798419,1.928189241
,,-56.71936759,1.928194685
,,-56.75889328,1.92820013
,,-56.79841897,1.928205575
,,-56.83794466,1.92821102
,,-56.87747036,1.928216465
,,-56.91699605,1.928221909
,,-56.95652174,1.928227354
,,-56.99604743,1.928232799
,,-57.03557312,1.928238244
,,-57.07509881,1.928243689
,,-57.11462451,1.928249133
,,-57.1541502,1.928254578
,,-57.19367589,1.928260023
,,-57.23320158,1.928265468
,,-57.27272727,1.928270912
,,-57.31225296,1.928276357
,,-57.35177866,1.928281802
,,-57.39130435,1.928287246
,,-57.43083004,1.928292691
,,-57.47035573,1.928298136
,,-57.50988142,1.928303581
,,-57.54940711,1.928309025
,,-57.58893281,1.92831447
,,-57.6284585,1.928319915
,,-57.66798419,1.928325359
,,-57.70750988,1.928330804
,,-57.74703557,1.928336249
,,-57.78656126,1.928341693
,,-57.82608696,1.928347138
,,-57.86561265,1.928352583
,,-57.90513834,1.928358027
,,-57.94466403,1.928363472
,,-57.98418972,1.928368916
,,-58.02371542,1.928374361
,,-58.06324111,1.928379806
,,-58.1027668,1.92838525
,,-58.14229249,1.928390695
,,-58.18181818,1.928396139
,,-58.22134387,1.928401584
,,-58.26086957,1.928407029
,,-58.30039526,1.928412473
,,-58.33992095,1.928417918
,,-58.37944664,1.928423362
,,-58.41897233,1.928428807
,,-58.45849802,1.928434251
,,-58.49802372,1.928439696
,,-58.53754941,1.928445141
,,-58.5770751,1.928450585
,,-58.61660079,1.92845603
,,-58.65612648,1.928461474
,,-58.69565217,1.928466919
,,-58.73517787,1.928472363
,,-58.77470356,1.928477808
,,-58.81422925,1.928483252
,,-58.85375494,1.928488697
,,-58.89328063,1.928494141
,,-58.93280632,1.928499585
,,-58.97233202,1.92850503
,,-59.01185771,1.928510474
,,-59.0513834,1.928515919
,,-59.09090909,1.928521363
,,-59.13043478,1.928526808
,,-59.16996047,1.928532252
,,-59.20948617,1.928537697
,,-59.24901186,1.928543141
,,-59.28853755,1.928548585
